"Longitude (x)","Latitude (y)","Station Name","Climate ID","Date/Time (LST)","Year","Month","Day","Time (LST)","Temp (°C)","Temp Flag","Dew Point Temp (°C)","Dew Point Temp Flag","Rel Hum (%)","Rel Hum Flag","Precip. Amount (mm)","Precip. Amount Flag","Wind Dir (10s deg)","Wind Dir Flag","Wind Spd (km/h)","Wind Spd Flag","Visibility (km)","Visibility Flag","Stn Press (kPa)","Stn Press Flag","Hmdx","Hmdx Flag","Wind Chill","Wind Chill Flag","Weather"
"-80.22","43.54","GUELPH TURFGRASS INSTITUTE","6143092","2024-08-01 00:00","2024","08","01","00:00","19.7","","18.5","","93","","0.0","","","","0","","","","97.50","","","","","","NA"
"-80.22","43.54","GUELPH TURFGRASS INSTITUTE","6143092","2024-08-01 01:00","2024","08","01","01:00","19.3","","18.5","","95","","0.0","","","","0","","","","97.55","","","","","","NA"
"-80.22","43.54","GUELPH TURFGRASS INSTITUTE","6143092","2024-08-01 02:00","2024","08","01","02:00","18.4","","17.6","","95","","0.0","","","","0","","","","97.48","","","","","","NA"
"-80.22","43.54","GUELPH TURFGRASS INSTITUTE","6143092","2024-08-01 03:00","2024","08","01","03:00","18.2","","17.5","","95","","0.0","","","","0","","","","97.45","","","","","","NA"
"-80.22","43.54","GUELPH TURFGRASS INSTITUTE","6143092","2024-08-01 04:00","2024","08","01","04:00","18.1","","17.4","","96","","0.0","","5","","3","","","","97.49","","","","","","NA"
"-80.22","43.54","GUELPH TURFGRASS INSTITUTE","6143092","2024-08-01 05:00","2024","08","01","05:00","18.1","","17.4","","96","","0.0","","6","","3","","","","97.56","","","","","","NA"
"-80.22","43.54","GUELPH TURFGRASS INSTITUTE","6143092","2024-08-01 06:00","2024","08","01","06:00","19.7","","18.7","","94","","0.0","","","","0","","","","97.56","","","","","","NA"
"-80.22","43.54","GUELPH TURFGRASS INSTITUTE","6143092","2024-08-01 07:00","2024","08","01","07:00","20.2","","19.5","","96","","1.6","","","","0","","","","97.58","","27","","","","NA"
"-80.22","43.54","GUELPH TURFGRASS INSTITUTE","6143092","2024-08-01 08:00","2024","08","01","08:00","21.6","","19.9","","90","","0.3","","31","","10","","","","97.68","","29","","","","NA"
"-80.22","43.54","GUELPH TURFGRASS INSTITUTE","6143092","2024-08-01 09:00","2024","08","01","09:00","23.1","","21.7","","92","","10.9","","11","","5","","","","97.64","","32","","","","NA"
"-80.22","43.54","GUELPH TURFGRASS INSTITUTE","6143092","2024-08-01 10:00","2024","08","01","10:00","25.5","","21.8","","80","","0.0","","8","","6","","","","","M","35","","","","NA"
"-80.22","43.54","GUELPH TURFGRASS INSTITUTE","6143092","2024-08-01 11:00","2024","08","01","11:00","26.5","","21.4","","73","","0.0","","9","","6","","","","97.68","","35","","","","NA"
"-80.22","43.54","GUELPH TURFGRASS INSTITUTE","6143092","2024-08-01 12:00","2024","08","01","12:00","27.7","","21.9","","71","","0.0","","10","","5","","","","97.62","","37","","","","NA"
"-80.22","43.54","GUELPH TURFGRASS INSTITUTE","6143092","2024-08-01 13:00","2024","08","01","13:00","28.0","","22.8","","74","","0.0","","8","","5","","","","97.56","","38","","","","NA"
"-80.22","43.54","GUELPH TURFGRASS INSTITUTE","6143092","2024-08-01 14:00","2024","08","01","14:00","28.8","","22.4","","68","","0.0","","7","","5","","","","97.51","","38","","","","NA"
"-80.22","43.54","GUELPH TURFGRASS INSTITUTE","6143092","2024-08-01 15:00","2024","08","01","15:00","29.3","","20.8","","60","","0.0","","13","","7","","","","97.48","","38","","","","NA"
"-80.22","43.54","GUELPH TURFGRASS INSTITUTE","6143092","2024-08-01 16:00","2024","08","01","16:00","28.5","","20.4","","62","","0.0","","13","","9","","","","97.46","","36","","","","NA"
"-80.22","43.54","GUELPH TURFGRASS INSTITUTE","6143092","2024-08-01 17:00","2024","08","01","17:00","26.4","","22.1","","77","","0.0","","14","","14","","","","97.44","","36","","","","NA"
"-80.22","43.54","GUELPH TURFGRASS INSTITUTE","6143092","2024-08-01 18:00","2024","08","01","18:00","22.8","","21.6","","93","","4.6","","7","","9","","","","97.46","","32","","","","NA"
"-80.22","43.54","GUELPH TURFGRASS INSTITUTE","6143092","2024-08-01 19:00","2024","08","01","19:00","23.9","","22.3","","91","","0.0","","","","0","","","","","M","34","","","","NA"
"-80.22","43.54","GUELPH TURFGRASS INSTITUTE","6143092","2024-08-01 20:00","2024","08","01","20:00","22.9","","22.2","","96","","0.0","","","","0","","","","97.43","","32","","","","NA"
"-80.22","43.54","GUELPH TURFGRASS INSTITUTE","6143092","2024-08-01 21:00","2024","08","01","21:00","22.4","","21.8","","97","","0.0","","","","0","","","","97.46","","32","","","","NA"
"-80.22","43.54","GUELPH TURFGRASS INSTITUTE","6143092","2024-08-01 22:00","2024","08","01","22:00","22.3","","21.7","","96","","0.0","","6","","4","","","","97.49","","31","","","","NA"
"-80.22","43.54","GUELPH TURFGRASS INSTITUTE","6143092","2024-08-01 23:00","2024","08","01","23:00","21.9","","21.3","","96","","0.0","","","","0","","","","97.44","","31","","","","NA"
"-80.22","43.54","GUELPH TURFGRASS INSTITUTE","6143092","2024-08-02 00:00","2024","08","02","00:00","21.5","","21.0","","97","","0.0","","8","","4","","","","97.42","","30","","","","NA"
"-80.22","43.54","GUELPH TURFGRASS INSTITUTE","6143092","2024-08-02 01:00","2024","08","02","01:00","21.3","","20.7","","96","","0.0","","9","","3","","","","97.39","","29","","","","NA"
"-80.22","43.54","GUELPH TURFGRASS INSTITUTE","6143092","2024-08-02 02:00","2024","08","02","02:00","21.2","","20.6","","96","","0.0","","","","0","","","","97.34","","29","","","","NA"
"-80.22","43.54","GUELPH TURFGRASS INSTITUTE","6143092","2024-08-02 03:00","2024","08","02","03:00","20.8","","20.2","","96","","0.0","","","","0","","","","97.31","","29","","","","NA"
"-80.22","43.54","GUELPH TURFGRASS INSTITUTE","6143092","2024-08-02 04:00","2024","08","02","04:00","21.4","","20.9","","97","","0.0","","22","","3","","","","97.32","","30","","","","NA"
"-80.22","43.54","GUELPH TURFGRASS INSTITUTE","6143092","2024-08-02 05:00","2024","08","02","05:00","20.9","","20.5","","97","","0.0","","4","","5","","","","97.31","","29","","","","NA"
"-80.22","43.54","GUELPH TURFGRASS INSTITUTE","6143092","2024-08-02 06:00","2024","08","02","06:00","21.0","","20.5","","97","","0.0","","","","0","","","","97.29","","29","","","","NA"
"-80.22","43.54","GUELPH TURFGRASS INSTITUTE","6143092","2024-08-02 07:00","2024","08","02","07:00","21.6","","21.0","","96","","0.0","","","","0","","","","97.32","","30","","","","NA"
"-80.22","43.54","GUELPH TURFGRASS INSTITUTE","6143092","2024-08-02 08:00","2024","08","02","08:00","21.9","","20.8","","93","","0.0","","6","","4","","","","97.31","","30","","","","NA"
"-80.22","43.54","GUELPH TURFGRASS INSTITUTE","6143092","2024-08-02 09:00","2024","08","02","09:00","22.7","","21.8","","95","","0.0","","11","","3","","","","97.32","","32","","","","NA"
"-80.22","43.54","GUELPH TURFGRASS INSTITUTE","6143092","2024-08-02 10:00","2024","08","02","10:00","23.7","","22.0","","90","","0.0","","18","","6","","","","97.38","","33","","","","NA"
"-80.22","43.54","GUELPH TURFGRASS INSTITUTE","6143092","2024-08-02 11:00","2024","08","02","11:00","24.3","","21.8","","86","","0.0","","15","","6","","","","97.36","","33","","","","NA"
"-80.22","43.54","GUELPH TURFGRASS INSTITUTE","6143092","2024-08-02 12:00","2024","08","02","12:00","25.3","","20.9","","76","","0.0","","16","","10","","","","97.34","","34","","","","NA"
"-80.22","43.54","GUELPH TURFGRASS INSTITUTE","6143092","2024-08-02 13:00","2024","08","02","13:00","26.2","","20.3","","70","","0.0","","14","","10","","","","97.30","","34","","","","NA"
"-80.22","43.54","GUELPH TURFGRASS INSTITUTE","6143092","2024-08-02 14:00","2024","08","02","14:00","25.9","","18.8","","65","","0.0","","15","","9","","","","97.30","","33","","","","NA"
"-80.22","43.54","GUELPH TURFGRASS INSTITUTE","6143092","2024-08-02 15:00","2024","08","02","15:00","25.3","","19.0","","68","","0.0","","18","","7","","","","97.29","","32","","","","NA"
"-80.22","43.54","GUELPH TURFGRASS INSTITUTE","6143092","2024-08-02 16:00","2024","08","02","16:00","25.3","","18.8","","67","","0.0","","18","","6","","","","97.25","","32","","","","NA"
"-80.22","43.54","GUELPH TURFGRASS INSTITUTE","6143092","2024-08-02 17:00","2024","08","02","17:00","26.2","","19.2","","66","","0.0","","","","0","","","","97.19","","33","","","","NA"
"-80.22","43.54","GUELPH TURFGRASS INSTITUTE","6143092","2024-08-02 18:00","2024","08","02","18:00","25.3","","19.8","","71","","0.0","","","","0","","","","97.18","","33","","","","NA"
"-80.22","43.54","GUELPH TURFGRASS INSTITUTE","6143092","2024-08-02 19:00","2024","08","02","19:00","24.0","","19.5","","76","","0.0","","28","","4","","","","97.19","","31","","","","NA"
"-80.22","43.54","GUELPH TURFGRASS INSTITUTE","6143092","2024-08-02 20:00","2024","08","02","20:00","21.6","","19.8","","90","","0.0","","","","0","","","","97.25","","29","","","","NA"
"-80.22","43.54","GUELPH TURFGRASS INSTITUTE","6143092","2024-08-02 21:00","2024","08","02","21:00","20.9","","19.6","","93","","0.0","","","","0","","","","97.28","","28","","","","NA"
"-80.22","43.54","GUELPH TURFGRASS INSTITUTE","6143092","2024-08-02 22:00","2024","08","02","22:00","19.9","","18.9","","94","","0.0","","","","0","","","","97.29","","","","","","NA"
"-80.22","43.54","GUELPH TURFGRASS INSTITUTE","6143092","2024-08-02 23:00","2024","08","02","23:00","19.7","","18.7","","94","","0.0","","","","0","","","","97.28","","","","","","NA"
"-80.22","43.54","GUELPH TURFGRASS INSTITUTE","6143092","2024-08-03 00:00","2024","08","03","00:00","21.0","","20.1","","94","","0.0","","","","0","","","","97.27","","29","","","","NA"
"-80.22","43.54","GUELPH TURFGRASS INSTITUTE","6143092","2024-08-03 01:00","2024","08","03","01:00","21.2","","19.9","","92","","0.0","","24","","3","","","","97.24","","29","","","","NA"
"-80.22","43.54","GUELPH TURFGRASS INSTITUTE","6143092","2024-08-03 02:00","2024","08","03","02:00","20.7","","19.6","","93","","0.0","","","","0","","","","97.22","","28","","","","NA"
"-80.22","43.54","GUELPH TURFGRASS INSTITUTE","6143092","2024-08-03 03:00","2024","08","03","03:00","20.4","","19.5","","95","","0.0","","","","0","","","","97.20","","28","","","","NA"
"-80.22","43.54","GUELPH TURFGRASS INSTITUTE","6143092","2024-08-03 04:00","2024","08","03","04:00","20.4","","19.5","","94","","0.0","","33","","4","","","","97.20","","28","","","","NA"
"-80.22","43.54","GUELPH TURFGRASS INSTITUTE","6143092","2024-08-03 05:00","2024","08","03","05:00","20.6","","19.5","","93","","0.0","","31","","6","","","","97.22","","28","","","","NA"
"-80.22","43.54","GUELPH TURFGRASS INSTITUTE","6143092","2024-08-03 06:00","2024","08","03","06:00","21.1","","19.8","","93","","0.0","","32","","10","","","","97.21","","29","","","","NA"
"-80.22","43.54","GUELPH TURFGRASS INSTITUTE","6143092","2024-08-03 07:00","2024","08","03","07:00","21.8","","20.2","","91","","0.0","","","","0","","","","97.25","","30","","","","NA"
"-80.22","43.54","GUELPH TURFGRASS INSTITUTE","6143092","2024-08-03 08:00","2024","08","03","08:00","23.1","","20.2","","84","","0.0","","","","0","","","","97.25","","31","","","","NA"
"-80.22","43.54","GUELPH TURFGRASS INSTITUTE","6143092","2024-08-03 09:00","2024","08","03","09:00","25.2","","20.0","","73","","0.0","","30","","10","","","","97.23","","33","","","","NA"
"-80.22","43.54","GUELPH TURFGRASS INSTITUTE","6143092","2024-08-03 10:00","2024","08","03","10:00","25.8","","19.8","","70","","0.0","","24","","7","","","","97.27","","33","","","","NA"
"-80.22","43.54","GUELPH TURFGRASS INSTITUTE","6143092","2024-08-03 11:00","2024","08","03","11:00","25.6","","20.7","","74","","0.0","","25","","6","","","","97.28","","34","","","","NA"
"-80.22","43.54","GUELPH TURFGRASS INSTITUTE","6143092","2024-08-03 12:00","2024","08","03","12:00","25.6","","19.3","","68","","0.0","","24","","7","","","","97.26","","33","","","","NA"
"-80.22","43.54","GUELPH TURFGRASS INSTITUTE","6143092","2024-08-03 13:00","2024","08","03","13:00","26.4","","19.5","","66","","0.0","","27","","7","","","","97.24","","34","","","","NA"
"-80.22","43.54","GUELPH TURFGRASS INSTITUTE","6143092","2024-08-03 14:00","2024","08","03","14:00","27.2","","20.4","","66","","0.0","","25","","10","","","","97.22","","35","","","","NA"
"-80.22","43.54","GUELPH TURFGRASS INSTITUTE","6143092","2024-08-03 15:00","2024","08","03","15:00","27.7","","19.6","","61","","0.0","","32","","12","","","","97.20","","35","","","","NA"
"-80.22","43.54","GUELPH TURFGRASS INSTITUTE","6143092","2024-08-03 16:00","2024","08","03","16:00","28.1","","18.7","","57","","0.0","","29","","11","","","","97.17","","35","","","","NA"
"-80.22","43.54","GUELPH TURFGRASS INSTITUTE","6143092","2024-08-03 17:00","2024","08","03","17:00","27.7","","16.2","","49","","0.0","","27","","10","","","","97.16","","32","","","","NA"
"-80.22","43.54","GUELPH TURFGRASS INSTITUTE","6143092","2024-08-03 18:00","2024","08","03","18:00","27.1","","15.4","","49","","0.0","","30","","12","","","","97.17","","31","","","","NA"
"-80.22","43.54","GUELPH TURFGRASS INSTITUTE","6143092","2024-08-03 19:00","2024","08","03","19:00","25.7","","16.7","","58","","0.0","","30","","10","","","","97.16","","31","","","","NA"
"-80.22","43.54","GUELPH TURFGRASS INSTITUTE","6143092","2024-08-03 20:00","2024","08","03","20:00","23.7","","17.1","","67","","0.0","","30","","7","","","","97.20","","29","","","","NA"
"-80.22","43.54","GUELPH TURFGRASS INSTITUTE","6143092","2024-08-03 21:00","2024","08","03","21:00","22.1","","17.8","","77","","0.0","","31","","5","","","","97.31","","28","","","","NA"
"-80.22","43.54","GUELPH TURFGRASS INSTITUTE","6143092","2024-08-03 22:00","2024","08","03","22:00","20.4","","17.6","","84","","0.0","","32","","5","","","","97.33","","26","","","","NA"
"-80.22","43.54","GUELPH TURFGRASS INSTITUTE","6143092","2024-08-03 23:00","2024","08","03","23:00","19.4","","17.3","","87","","0.0","","30","","5","","","","97.32","","","","","","NA"
"-80.22","43.54","GUELPH TURFGRASS INSTITUTE","6143092","2024-08-04 00:00","2024","08","04","00:00","18.0","","16.4","","90","","0.0","","29","","3","","","","97.32","","","","","","NA"
"-80.22","43.54","GUELPH TURFGRASS INSTITUTE","6143092","2024-08-04 01:00","2024","08","04","01:00","17.7","","16.6","","93","","0.0","","30","","5","","","","97.32","","","","","","NA"
"-80.22","43.54","GUELPH TURFGRASS INSTITUTE","6143092","2024-08-04 02:00","2024","08","04","02:00","16.8","","16.3","","96","","0.0","","26","","5","","","","97.33","","","","","","NA"
"-80.22","43.54","GUELPH TURFGRASS INSTITUTE","6143092","2024-08-04 03:00","2024","08","04","03:00","15.8","","15.3","","96","","0.0","","","","0","","","","97.36","","","","","","NA"
"-80.22","43.54","GUELPH TURFGRASS INSTITUTE","6143092","2024-08-04 04:00","2024","08","04","04:00","15.4","","14.7","","95","","0.0","","","","0","","","","97.34","","","","","","NA"
"-80.22","43.54","GUELPH TURFGRASS INSTITUTE","6143092","2024-08-04 05:00","2024","08","04","05:00","15.6","","15.2","","97","","0.0","","","","0","","","","97.40","","","","","","NA"
"-80.22","43.54","GUELPH TURFGRASS INSTITUTE","6143092","2024-08-04 06:00","2024","08","04","06:00","17.1","","16.1","","94","","0.0","","28","","5","","","","97.44","","","","","","NA"
"-80.22","43.54","GUELPH TURFGRASS INSTITUTE","6143092","2024-08-04 07:00","2024","08","04","07:00","19.0","","16.7","","86","","0.0","","29","","5","","","","97.48","","","","","","NA"
"-80.22","43.54","GUELPH TURFGRASS INSTITUTE","6143092","2024-08-04 08:00","2024","08","04","08:00","21.9","","16.5","","71","","0.0","","29","","6","","","","97.51","","27","","","","NA"
"-80.22","43.54","GUELPH TURFGRASS INSTITUTE","6143092","2024-08-04 09:00","2024","08","04","09:00","24.4","","14.9","","55","","0.0","","33","","9","","","","97.52","","28","","","","NA"
"-80.22","43.54","GUELPH TURFGRASS INSTITUTE","6143092","2024-08-04 10:00","2024","08","04","10:00","24.5","","15.1","","56","","0.0","","32","","11","","","","97.57","","29","","","","NA"
"-80.22","43.54","GUELPH TURFGRASS INSTITUTE","6143092","2024-08-04 11:00","2024","08","04","11:00","25.2","","15.0","","53","","0.0","","32","","14","","","","97.61","","29","","","","NA"
"-80.22","43.54","GUELPH TURFGRASS INSTITUTE","6143092","2024-08-04 12:00","2024","08","04","12:00","24.0","","14.9","","57","","0.0","","31","","9","","","","97.66","","28","","","","NA"
"-80.22","43.54","GUELPH TURFGRASS INSTITUTE","6143092","2024-08-04 13:00","2024","08","04","13:00","23.2","","14.5","","58","","0.0","","31","","9","","","","97.66","","27","","","","NA"
"-80.22","43.54","GUELPH TURFGRASS INSTITUTE","6143092","2024-08-04 14:00","2024","08","04","14:00","24.0","","14.8","","56","","0.0","","26","","9","","","","97.64","","28","","","","NA"
"-80.22","43.54","GUELPH TURFGRASS INSTITUTE","6143092","2024-08-04 15:00","2024","08","04","15:00","25.4","","15.8","","55","","0.0","","28","","10","","","","97.65","","30","","","","NA"
"-80.22","43.54","GUELPH TURFGRASS INSTITUTE","6143092","2024-08-04 16:00","2024","08","04","16:00","26.2","","16.3","","54","","0.0","","26","","11","","","","97.63","","31","","","","NA"
"-80.22","43.54","GUELPH TURFGRASS INSTITUTE","6143092","2024-08-04 17:00","2024","08","04","17:00","26.7","","16.3","","53","","0.0","","28","","11","","","","97.64","","32","","","","NA"
"-80.22","43.54","GUELPH TURFGRASS INSTITUTE","6143092","2024-08-04 18:00","2024","08","04","18:00","26.2","","15.4","","51","","0.0","","28","","13","","","","97.63","","30","","","","NA"
"-80.22","43.54","GUELPH TURFGRASS INSTITUTE","6143092","2024-08-04 19:00","2024","08","04","19:00","25.0","","16.2","","58","","0.0","","26","","8","","","","97.66","","30","","","","NA"
"-80.22","43.54","GUELPH TURFGRASS INSTITUTE","6143092","2024-08-04 20:00","2024","08","04","20:00","23.1","","16.2","","65","","0.0","","26","","5","","","","97.68","","28","","","","NA"
"-80.22","43.54","GUELPH TURFGRASS INSTITUTE","6143092","2024-08-04 21:00","2024","08","04","21:00","20.1","","16.9","","82","","0.0","","","","0","","","","97.72","","25","","","","NA"
"-80.22","43.54","GUELPH TURFGRASS INSTITUTE","6143092","2024-08-04 22:00","2024","08","04","22:00","19.0","","16.6","","86","","0.0","","","","0","","","","97.71","","","","","","NA"
"-80.22","43.54","GUELPH TURFGRASS INSTITUTE","6143092","2024-08-04 23:00","2024","08","04","23:00","17.9","","16.6","","92","","0.0","","","","0","","","","97.72","","","","","","NA"
"-80.22","43.54","GUELPH TURFGRASS INSTITUTE","6143092","2024-08-05 00:00","2024","08","05","00:00","18.2","","16.9","","92","","0.0","","","","0","","","","97.72","","","","","","NA"
"-80.22","43.54","GUELPH TURFGRASS INSTITUTE","6143092","2024-08-05 01:00","2024","08","05","01:00","18.8","","17.4","","91","","0.0","","","","0","","","","97.72","","","","","","NA"
"-80.22","43.54","GUELPH TURFGRASS INSTITUTE","6143092","2024-08-05 02:00","2024","08","05","02:00","18.9","","17.2","","90","","0.0","","11","","3","","","","97.67","","","","","","NA"
"-80.22","43.54","GUELPH TURFGRASS INSTITUTE","6143092","2024-08-05 03:00","2024","08","05","03:00","18.1","","17.1","","94","","0.0","","","","0","","","","97.64","","","","","","NA"
"-80.22","43.54","GUELPH TURFGRASS INSTITUTE","6143092","2024-08-05 04:00","2024","08","05","04:00","20.0","","17.9","","87","","0.0","","17","","5","","","","97.59","","26","","","","NA"
"-80.22","43.54","GUELPH TURFGRASS INSTITUTE","6143092","2024-08-05 05:00","2024","08","05","05:00","20.3","","18.3","","89","","0.0","","20","","5","","","","97.58","","27","","","","NA"
"-80.22","43.54","GUELPH TURFGRASS INSTITUTE","6143092","2024-08-05 06:00","2024","08","05","06:00","18.9","","17.9","","94","","0.0","","","","0","","","","97.58","","","","","","NA"
"-80.22","43.54","GUELPH TURFGRASS INSTITUTE","6143092","2024-08-05 07:00","2024","08","05","07:00","20.8","","19.3","","91","","0.0","","4","","4","","","","97.63","","28","","","","NA"
"-80.22","43.54","GUELPH TURFGRASS INSTITUTE","6143092","2024-08-05 08:00","2024","08","05","08:00","20.4","","17.8","","85","","0.0","","6","","9","","","","97.68","","26","","","","NA"
"-80.22","43.54","GUELPH TURFGRASS INSTITUTE","6143092","2024-08-05 09:00","2024","08","05","09:00","21.4","","18.2","","82","","0.0","","5","","6","","","","97.65","","28","","","","NA"
"-80.22","43.54","GUELPH TURFGRASS INSTITUTE","6143092","2024-08-05 10:00","2024","08","05","10:00","22.5","","18.5","","78","","0.0","","","","0","","","","97.58","","29","","","","NA"
"-80.22","43.54","GUELPH TURFGRASS INSTITUTE","6143092","2024-08-05 11:00","2024","08","05","11:00","24.6","","19.5","","73","","0.0","","26","","4","","","","97.64","","32","","","","NA"
"-80.22","43.54","GUELPH TURFGRASS INSTITUTE","6143092","2024-08-05 12:00","2024","08","05","12:00","26.5","","19.0","","64","","0.0","","26","","7","","","","97.59","","33","","","","NA"
"-80.22","43.54","GUELPH TURFGRASS INSTITUTE","6143092","2024-08-05 13:00","2024","08","05","13:00","27.5","","19.2","","60","","0.0","","28","","14","","","","97.53","","34","","","","NA"
"-80.22","43.54","GUELPH TURFGRASS INSTITUTE","6143092","2024-08-05 14:00","2024","08","05","14:00","27.5","","18.9","","59","","0.0","","28","","14","","","","97.50","","34","","","","NA"
"-80.22","43.54","GUELPH TURFGRASS INSTITUTE","6143092","2024-08-05 15:00","2024","08","05","15:00","27.3","","19.0","","61","","0.0","","29","","10","","","","97.46","","34","","","","NA"
"-80.22","43.54","GUELPH TURFGRASS INSTITUTE","6143092","2024-08-05 16:00","2024","08","05","16:00","27.2","","18.4","","58","","0.0","","29","","11","","","","97.43","","34","","","","NA"
"-80.22","43.54","GUELPH TURFGRASS INSTITUTE","6143092","2024-08-05 17:00","2024","08","05","17:00","25.6","","20.1","","71","","0.0","","21","","5","","","","97.44","","33","","","","NA"
"-80.22","43.54","GUELPH TURFGRASS INSTITUTE","6143092","2024-08-05 18:00","2024","08","05","18:00","24.9","","18.1","","66","","0.0","","35","","12","","","","97.48","","31","","","","NA"
"-80.22","43.54","GUELPH TURFGRASS INSTITUTE","6143092","2024-08-05 19:00","2024","08","05","19:00","22.5","","19.7","","84","","0.2","","2","","7","","","","97.54","","30","","","","NA"
"-80.22","43.54","GUELPH TURFGRASS INSTITUTE","6143092","2024-08-05 20:00","2024","08","05","20:00","21.7","","18.9","","84","","0.0","","3","","6","","","","97.59","","28","","","","NA"
"-80.22","43.54","GUELPH TURFGRASS INSTITUTE","6143092","2024-08-05 21:00","2024","08","05","21:00","21.3","","18.8","","85","","0.0","","3","","3","","","","97.64","","28","","","","NA"
"-80.22","43.54","GUELPH TURFGRASS INSTITUTE","6143092","2024-08-05 22:00","2024","08","05","22:00","20.8","","17.4","","81","","0.0","","33","","9","","","","97.68","","26","","","","NA"
"-80.22","43.54","GUELPH TURFGRASS INSTITUTE","6143092","2024-08-05 23:00","2024","08","05","23:00","19.9","","17.0","","83","","0.0","","33","","8","","","","97.69","","","","","","NA"
"-80.22","43.54","GUELPH TURFGRASS INSTITUTE","6143092","2024-08-06 00:00","2024","08","06","00:00","19.4","","15.0","","76","","0.0","","34","","8","","","","97.68","","","","","","NA"
"-80.22","43.54","GUELPH TURFGRASS INSTITUTE","6143092","2024-08-06 01:00","2024","08","06","01:00","18.5","","15.1","","81","","0.0","","1","","4","","","","97.63","","","","","","NA"
"-80.22","43.54","GUELPH TURFGRASS INSTITUTE","6143092","2024-08-06 02:00","2024","08","06","02:00","18.0","","15.1","","83","","0.0","","","","0","","","","97.61","","","","","","NA"
"-80.22","43.54","GUELPH TURFGRASS INSTITUTE","6143092","2024-08-06 03:00","2024","08","06","03:00","17.9","","15.2","","84","","0.0","","35","","4","","","","97.65","","","","","","NA"
"-80.22","43.54","GUELPH TURFGRASS INSTITUTE","6143092","2024-08-06 04:00","2024","08","06","04:00","17.7","","15.5","","87","","0.0","","1","","4","","","","97.65","","","","","","NA"
"-80.22","43.54","GUELPH TURFGRASS INSTITUTE","6143092","2024-08-06 05:00","2024","08","06","05:00","17.6","","16.1","","91","","0.0","","","","0","","","","97.71","","","","","","NA"
"-80.22","43.54","GUELPH TURFGRASS INSTITUTE","6143092","2024-08-06 06:00","2024","08","06","06:00","17.5","","16.1","","91","","0.0","","4","","7","","","","97.71","","","","","","NA"
"-80.22","43.54","GUELPH TURFGRASS INSTITUTE","6143092","2024-08-06 07:00","2024","08","06","07:00","17.4","","15.3","","88","","0.0","","4","","9","","","","97.77","","","","","","NA"
"-80.22","43.54","GUELPH TURFGRASS INSTITUTE","6143092","2024-08-06 08:00","2024","08","06","08:00","17.0","","15.7","","92","","0.1","","5","","9","","","","97.81","","","","","","NA"
"-80.22","43.54","GUELPH TURFGRASS INSTITUTE","6143092","2024-08-06 09:00","2024","08","06","09:00","17.0","","15.7","","92","","0.1","","6","","12","","","","97.77","","","","","","NA"
"-80.22","43.54","GUELPH TURFGRASS INSTITUTE","6143092","2024-08-06 10:00","2024","08","06","10:00","17.4","","15.5","","88","","0.2","","6","","5","","","","97.85","","","","","","NA"
"-80.22","43.54","GUELPH TURFGRASS INSTITUTE","6143092","2024-08-06 11:00","2024","08","06","11:00","16.8","","14.5","","87","","0.1","","7","","8","","","","97.77","","","","","","NA"
"-80.22","43.54","GUELPH TURFGRASS INSTITUTE","6143092","2024-08-06 12:00","2024","08","06","12:00","17.7","","14.6","","82","","0.1","","7","","8","","","","97.75","","","","","","NA"
"-80.22","43.54","GUELPH TURFGRASS INSTITUTE","6143092","2024-08-06 13:00","2024","08","06","13:00","17.9","","15.6","","87","","0.2","","8","","9","","","","97.70","","","","","","NA"
"-80.22","43.54","GUELPH TURFGRASS INSTITUTE","6143092","2024-08-06 14:00","2024","08","06","14:00","18.0","","16.2","","89","","0.1","","7","","8","","","","97.71","","","","","","NA"
"-80.22","43.54","GUELPH TURFGRASS INSTITUTE","6143092","2024-08-06 15:00","2024","08","06","15:00","18.0","","16.0","","88","","0.1","","5","","8","","","","97.68","","","","","","NA"
"-80.22","43.54","GUELPH TURFGRASS INSTITUTE","6143092","2024-08-06 16:00","2024","08","06","16:00","18.2","","15.7","","85","","0.0","","7","","11","","","","97.59","","","","","","NA"
"-80.22","43.54","GUELPH TURFGRASS INSTITUTE","6143092","2024-08-06 17:00","2024","08","06","17:00","18.6","","14.9","","79","","0.0","","6","","12","","","","97.67","","","","","","NA"
"-80.22","43.54","GUELPH TURFGRASS INSTITUTE","6143092","2024-08-06 18:00","2024","08","06","18:00","18.9","","12.7","","67","","0.0","","5","","13","","","","97.68","","","","","","NA"
"-80.22","43.54","GUELPH TURFGRASS INSTITUTE","6143092","2024-08-06 19:00","2024","08","06","19:00","18.0","","12.6","","71","","0.0","","4","","8","","","","97.67","","","","","","NA"
"-80.22","43.54","GUELPH TURFGRASS INSTITUTE","6143092","2024-08-06 20:00","2024","08","06","20:00","16.4","","12.9","","80","","0.0","","4","","4","","","","97.67","","","","","","NA"
"-80.22","43.54","GUELPH TURFGRASS INSTITUTE","6143092","2024-08-06 21:00","2024","08","06","21:00","14.6","","12.7","","88","","0.0","","4","","4","","","","97.70","","","","","","NA"
"-80.22","43.54","GUELPH TURFGRASS INSTITUTE","6143092","2024-08-06 22:00","2024","08","06","22:00","14.3","","13.1","","92","","0.0","","3","","4","","","","97.73","","","","","","NA"
"-80.22","43.54","GUELPH TURFGRASS INSTITUTE","6143092","2024-08-06 23:00","2024","08","06","23:00","14.0","","12.7","","92","","0.0","","5","","3","","","","97.75","","","","","","NA"
"-80.22","43.54","GUELPH TURFGRASS INSTITUTE","6143092","2024-08-07 00:00","2024","08","07","00:00","13.3","","12.2","","93","","0.0","","5","","4","","","","97.75","","","","","","NA"
"-80.22","43.54","GUELPH TURFGRASS INSTITUTE","6143092","2024-08-07 01:00","2024","08","07","01:00","12.6","","11.5","","93","","0.0","","4","","3","","","","97.73","","","","","","NA"
"-80.22","43.54","GUELPH TURFGRASS INSTITUTE","6143092","2024-08-07 02:00","2024","08","07","02:00","11.6","","10.5","","93","","0.0","","2","","4","","","","97.73","","","","","","NA"
"-80.22","43.54","GUELPH TURFGRASS INSTITUTE","6143092","2024-08-07 03:00","2024","08","07","03:00","12.0","","10.4","","90","","0.0","","1","","5","","","","97.73","","","","","","NA"
"-80.22","43.54","GUELPH TURFGRASS INSTITUTE","6143092","2024-08-07 04:00","2024","08","07","04:00","11.4","","9.7","","90","","0.0","","5","","5","","","","97.71","","","","","","NA"
"-80.22","43.54","GUELPH TURFGRASS INSTITUTE","6143092","2024-08-07 05:00","2024","08","07","05:00","11.3","","9.6","","90","","0.0","","3","","7","","","","97.74","","","","","","NA"
"-80.22","43.54","GUELPH TURFGRASS INSTITUTE","6143092","2024-08-07 06:00","2024","08","07","06:00","12.4","","10.2","","87","","0.0","","4","","3","","","","97.78","","","","","","NA"
"-80.22","43.54","GUELPH TURFGRASS INSTITUTE","6143092","2024-08-07 07:00","2024","08","07","07:00","14.7","","12.1","","84","","0.0","","3","","5","","","","97.82","","","","","","NA"
"-80.22","43.54","GUELPH TURFGRASS INSTITUTE","6143092","2024-08-07 08:00","2024","08","07","08:00","18.1","","12.0","","67","","0.0","","6","","9","","","","97.85","","","","","","NA"
"-80.22","43.54","GUELPH TURFGRASS INSTITUTE","6143092","2024-08-07 09:00","2024","08","07","09:00","19.9","","11.9","","60","","0.0","","5","","14","","","","97.85","","","","","","NA"
"-80.22","43.54","GUELPH TURFGRASS INSTITUTE","6143092","2024-08-07 10:00","2024","08","07","10:00","20.6","","10.6","","53","","0.0","","6","","19","","","","97.84","","","","","","NA"
"-80.22","43.54","GUELPH TURFGRASS INSTITUTE","6143092","2024-08-07 11:00","2024","08","07","11:00","21.6","","9.2","","45","","0.0","","8","","15","","","","97.80","","","","","","NA"
"-80.22","43.54","GUELPH TURFGRASS INSTITUTE","6143092","2024-08-07 12:00","2024","08","07","12:00","22.0","","10.2","","47","","0.0","","10","","17","","","","97.78","","","","","","NA"
"-80.22","43.54","GUELPH TURFGRASS INSTITUTE","6143092","2024-08-07 13:00","2024","08","07","13:00","22.7","","11.7","","50","","0.0","","9","","13","","","","97.77","","25","","","","NA"
"-80.22","43.54","GUELPH TURFGRASS INSTITUTE","6143092","2024-08-07 14:00","2024","08","07","14:00","22.4","","10.6","","47","","0.0","","7","","15","","","","97.75","","","","","","NA"
"-80.22","43.54","GUELPH TURFGRASS INSTITUTE","6143092","2024-08-07 15:00","2024","08","07","15:00","22.4","","9.7","","44","","0.0","","9","","17","","","","97.73","","","","","","NA"
"-80.22","43.54","GUELPH TURFGRASS INSTITUTE","6143092","2024-08-07 16:00","2024","08","07","16:00","22.7","","10.6","","46","","0.0","","10","","12","","","","97.71","","","","","","NA"
"-80.22","43.54","GUELPH TURFGRASS INSTITUTE","6143092","2024-08-07 17:00","2024","08","07","17:00","22.0","","10.5","","48","","0.0","","9","","11","","","","97.66","","","","","","NA"
"-80.22","43.54","GUELPH TURFGRASS INSTITUTE","6143092","2024-08-07 18:00","2024","08","07","18:00","21.3","","11.1","","52","","0.0","","10","","10","","","","97.66","","","","","","NA"
"-80.22","43.54","GUELPH TURFGRASS INSTITUTE","6143092","2024-08-07 19:00","2024","08","07","19:00","20.0","","11.8","","59","","0.0","","10","","8","","","","97.66","","","","","","NA"
"-80.22","43.54","GUELPH TURFGRASS INSTITUTE","6143092","2024-08-07 20:00","2024","08","07","20:00","17.8","","12.6","","72","","0.0","","9","","5","","","","97.67","","","","","","NA"
"-80.22","43.54","GUELPH TURFGRASS INSTITUTE","6143092","2024-08-07 21:00","2024","08","07","21:00","16.4","","12.7","","79","","0.0","","9","","5","","","","97.67","","","","","","NA"
"-80.22","43.54","GUELPH TURFGRASS INSTITUTE","6143092","2024-08-07 22:00","2024","08","07","22:00","15.2","","12.8","","86","","0.0","","6","","4","","","","97.66","","","","","","NA"
"-80.22","43.54","GUELPH TURFGRASS INSTITUTE","6143092","2024-08-07 23:00","2024","08","07","23:00","13.3","","12.1","","93","","0.0","","5","","5","","","","97.67","","","","","","NA"
"-80.22","43.54","GUELPH TURFGRASS INSTITUTE","6143092","2024-08-08 00:00","2024","08","08","00:00","13.2","","12.2","","93","","0.0","","7","","4","","","","97.65","","","","","","NA"
"-80.22","43.54","GUELPH TURFGRASS INSTITUTE","6143092","2024-08-08 01:00","2024","08","08","01:00","13.4","","12.1","","92","","0.0","","7","","6","","","","97.59","","","","","","NA"
"-80.22","43.54","GUELPH TURFGRASS INSTITUTE","6143092","2024-08-08 02:00","2024","08","08","02:00","13.0","","12.0","","94","","0.0","","6","","6","","","","97.57","","","","","","NA"
"-80.22","43.54","GUELPH TURFGRASS INSTITUTE","6143092","2024-08-08 03:00","2024","08","08","03:00","14.3","","12.9","","92","","0.0","","6","","5","","","","97.55","","","","","","NA"
"-80.22","43.54","GUELPH TURFGRASS INSTITUTE","6143092","2024-08-08 04:00","2024","08","08","04:00","14.6","","13.3","","92","","0.0","","7","","6","","","","97.52","","","","","","NA"
"-80.22","43.54","GUELPH TURFGRASS INSTITUTE","6143092","2024-08-08 05:00","2024","08","08","05:00","14.9","","13.7","","93","","0.0","","6","","7","","","","97.48","","","","","","NA"
"-80.22","43.54","GUELPH TURFGRASS INSTITUTE","6143092","2024-08-08 06:00","2024","08","08","06:00","15.3","","14.0","","92","","0.0","","5","","5","","","","97.51","","","","","","NA"
"-80.22","43.54","GUELPH TURFGRASS INSTITUTE","6143092","2024-08-08 07:00","2024","08","08","07:00","17.4","","15.2","","87","","0.0","","7","","5","","","","97.52","","","","","","NA"
"-80.22","43.54","GUELPH TURFGRASS INSTITUTE","6143092","2024-08-08 08:00","2024","08","08","08:00","18.8","","16.9","","88","","0.0","","8","","8","","","","97.50","","","","","","NA"
"-80.22","43.54","GUELPH TURFGRASS INSTITUTE","6143092","2024-08-08 09:00","2024","08","08","09:00","20.0","","17.4","","85","","0.0","","9","","9","","","","97.47","","26","","","","NA"
"-80.22","43.54","GUELPH TURFGRASS INSTITUTE","6143092","2024-08-08 10:00","2024","08","08","10:00","20.3","","17.7","","85","","0.0","","11","","5","","","","97.47","","26","","","","NA"
"-80.22","43.54","GUELPH TURFGRASS INSTITUTE","6143092","2024-08-08 11:00","2024","08","08","11:00","21.3","","18.4","","84","","0.0","","12","","8","","","","97.43","","28","","","","NA"
"-80.22","43.54","GUELPH TURFGRASS INSTITUTE","6143092","2024-08-08 12:00","2024","08","08","12:00","22.5","","18.5","","78","","0.0","","14","","6","","","","97.39","","29","","","","NA"
"-80.22","43.54","GUELPH TURFGRASS INSTITUTE","6143092","2024-08-08 13:00","2024","08","08","13:00","22.7","","18.9","","79","","0.0","","13","","6","","","","97.39","","29","","","","NA"
"-80.22","43.54","GUELPH TURFGRASS INSTITUTE","6143092","2024-08-08 14:00","2024","08","08","14:00","22.3","","19.0","","82","","0.0","","15","","8","","","","97.39","","29","","","","NA"
"-80.22","43.54","GUELPH TURFGRASS INSTITUTE","6143092","2024-08-08 15:00","2024","08","08","15:00","22.5","","19.2","","82","","0.0","","11","","7","","","","97.35","","29","","","","NA"
"-80.22","43.54","GUELPH TURFGRASS INSTITUTE","6143092","2024-08-08 16:00","2024","08","08","16:00","22.5","","19.8","","85","","0.0","","7","","3","","","","97.34","","30","","","","NA"
"-80.22","43.54","GUELPH TURFGRASS INSTITUTE","6143092","2024-08-08 17:00","2024","08","08","17:00","22.4","","19.9","","86","","0.0","","9","","5","","","","97.32","","30","","","","NA"
"-80.22","43.54","GUELPH TURFGRASS INSTITUTE","6143092","2024-08-08 18:00","2024","08","08","18:00","22.4","","20.2","","87","","0.0","","10","","7","","","","97.31","","30","","","","NA"
"-80.22","43.54","GUELPH TURFGRASS INSTITUTE","6143092","2024-08-08 19:00","2024","08","08","19:00","21.9","","19.9","","88","","0.0","","12","","9","","","","97.33","","29","","","","NA"
"-80.22","43.54","GUELPH TURFGRASS INSTITUTE","6143092","2024-08-08 20:00","2024","08","08","20:00","21.2","","19.6","","90","","0.0","","12","","7","","","","97.31","","28","","","","NA"
"-80.22","43.54","GUELPH TURFGRASS INSTITUTE","6143092","2024-08-08 21:00","2024","08","08","21:00","21.0","","19.5","","91","","0.0","","","","0","","","","97.33","","28","","","","NA"
"-80.22","43.54","GUELPH TURFGRASS INSTITUTE","6143092","2024-08-08 22:00","2024","08","08","22:00","20.8","","19.6","","93","","0.0","","","","0","","","","97.30","","28","","","","NA"
"-80.22","43.54","GUELPH TURFGRASS INSTITUTE","6143092","2024-08-08 23:00","2024","08","08","23:00","20.0","","19.2","","95","","0.0","","","","0","","","","97.26","","27","","","","NA"
"-80.22","43.54","GUELPH TURFGRASS INSTITUTE","6143092","2024-08-09 00:00","2024","08","09","00:00","20.2","","19.6","","96","","0.0","","9","","4","","","","97.21","","27","","","","NA"
"-80.22","43.54","GUELPH TURFGRASS INSTITUTE","6143092","2024-08-09 01:00","2024","08","09","01:00","19.6","","19.1","","96","","0.0","","","","0","","","","97.17","","","","","","NA"
"-80.22","43.54","GUELPH TURFGRASS INSTITUTE","6143092","2024-08-09 02:00","2024","08","09","02:00","19.8","","19.2","","97","","0.0","","","","0","","","","97.11","","","","","","NA"
"-80.22","43.54","GUELPH TURFGRASS INSTITUTE","6143092","2024-08-09 03:00","2024","08","09","03:00","20.7","","20.3","","98","","0.6","","17","","6","","","","97.10","","29","","","","NA"
"-80.22","43.54","GUELPH TURFGRASS INSTITUTE","6143092","2024-08-09 04:00","2024","08","09","04:00","20.6","","20.3","","98","","11.7","","","","0","","","","97.05","","28","","","","NA"
"-80.22","43.54","GUELPH TURFGRASS INSTITUTE","6143092","2024-08-09 05:00","2024","08","09","05:00","20.7","","20.4","","98","","0.0","","","","0","","","","97.02","","29","","","","NA"
"-80.22","43.54","GUELPH TURFGRASS INSTITUTE","6143092","2024-08-09 06:00","2024","08","09","06:00","20.8","","20.5","","98","","3.3","","","","0","","","","97.00","","29","","","","NA"
"-80.22","43.54","GUELPH TURFGRASS INSTITUTE","6143092","2024-08-09 07:00","2024","08","09","07:00","21.0","","20.6","","98","","0.2","","32","","4","","","","96.98","","29","","","","NA"
"-80.22","43.54","GUELPH TURFGRASS INSTITUTE","6143092","2024-08-09 08:00","2024","08","09","08:00","21.1","","20.0","","94","","0.0","","36","","4","","","","96.96","","29","","","","NA"
"-80.22","43.54","GUELPH TURFGRASS INSTITUTE","6143092","2024-08-09 09:00","2024","08","09","09:00","21.6","","19.8","","89","","0.0","","34","","7","","","","96.92","","29","","","","NA"
"-80.22","43.54","GUELPH TURFGRASS INSTITUTE","6143092","2024-08-09 10:00","2024","08","09","10:00","22.0","","18.4","","80","","0.0","","36","","12","","","","96.86","","28","","","","NA"
"-80.22","43.54","GUELPH TURFGRASS INSTITUTE","6143092","2024-08-09 11:00","2024","08","09","11:00","24.0","","18.7","","72","","0.0","","34","","12","","","","96.83","","31","","","","NA"
"-80.22","43.54","GUELPH TURFGRASS INSTITUTE","6143092","2024-08-09 12:00","2024","08","09","12:00","24.7","","16.2","","59","","0.0","","31","","16","","","","96.83","","29","","","","NA"
"-80.22","43.54","GUELPH TURFGRASS INSTITUTE","6143092","2024-08-09 13:00","2024","08","09","13:00","25.5","","17.0","","60","","0.0","","32","","13","","","","96.82","","31","","","","NA"
"-80.22","43.54","GUELPH TURFGRASS INSTITUTE","6143092","2024-08-09 14:00","2024","08","09","14:00","25.5","","17.6","","62","","0.0","","32","","19","","","","96.83","","31","","","","NA"
"-80.22","43.54","GUELPH TURFGRASS INSTITUTE","6143092","2024-08-09 15:00","2024","08","09","15:00","24.7","","17.3","","63","","0.0","","29","","18","","","","96.86","","30","","","","NA"
"-80.22","43.54","GUELPH TURFGRASS INSTITUTE","6143092","2024-08-09 16:00","2024","08","09","16:00","23.7","","15.3","","59","","0.0","","30","","22","","","","96.94","","28","","","","NA"
"-80.22","43.54","GUELPH TURFGRASS INSTITUTE","6143092","2024-08-09 17:00","2024","08","09","17:00","23.4","","12.9","","52","","0.0","","30","","24","","","","96.99","","26","","","","NA"
"-80.22","43.54","GUELPH TURFGRASS INSTITUTE","6143092","2024-08-09 18:00","2024","08","09","18:00","21.9","","12.6","","55","","0.0","","29","","21","","","","97.08","","","","","","NA"
"-80.22","43.54","GUELPH TURFGRASS INSTITUTE","6143092","2024-08-09 19:00","2024","08","09","19:00","20.2","","11.2","","56","","0.0","","30","","16","","","","97.18","","","","","","NA"
"-80.22","43.54","GUELPH TURFGRASS INSTITUTE","6143092","2024-08-09 20:00","2024","08","09","20:00","18.8","","11.6","","63","","0.0","","29","","8","","","","97.23","","","","","","NA"
"-80.22","43.54","GUELPH TURFGRASS INSTITUTE","6143092","2024-08-09 21:00","2024","08","09","21:00","17.2","","12.0","","72","","0.0","","24","","4","","","","97.26","","","","","","NA"
"-80.22","43.54","GUELPH TURFGRASS INSTITUTE","6143092","2024-08-09 22:00","2024","08","09","22:00","16.3","","12.1","","76","","0.0","","22","","4","","","","97.26","","","","","","NA"
"-80.22","43.54","GUELPH TURFGRASS INSTITUTE","6143092","2024-08-09 23:00","2024","08","09","23:00","16.2","","12.4","","78","","0.0","","22","","4","","","","97.28","","","","","","NA"
"-80.22","43.54","GUELPH TURFGRASS INSTITUTE","6143092","2024-08-10 00:00","2024","08","10","00:00","15.5","","12.4","","82","","0.0","","","","0","","","","97.28","","","","","","NA"
"-80.22","43.54","GUELPH TURFGRASS INSTITUTE","6143092","2024-08-10 01:00","2024","08","10","01:00","15.5","","13.1","","85","","0.0","","25","","6","","","","97.32","","","","","","NA"
"-80.22","43.54","GUELPH TURFGRASS INSTITUTE","6143092","2024-08-10 02:00","2024","08","10","02:00","16.2","","13.2","","82","","0.0","","27","","9","","","","97.34","","","","","","NA"
"-80.22","43.54","GUELPH TURFGRASS INSTITUTE","6143092","2024-08-10 03:00","2024","08","10","03:00","15.2","","12.7","","85","","0.0","","26","","6","","","","97.35","","","","","","NA"
"-80.22","43.54","GUELPH TURFGRASS INSTITUTE","6143092","2024-08-10 04:00","2024","08","10","04:00","14.3","","12.4","","88","","0.0","","23","","4","","","","97.34","","","","","","NA"
"-80.22","43.54","GUELPH TURFGRASS INSTITUTE","6143092","2024-08-10 05:00","2024","08","10","05:00","13.8","","12.1","","90","","0.0","","23","","6","","","","97.35","","","","","","NA"
"-80.22","43.54","GUELPH TURFGRASS INSTITUTE","6143092","2024-08-10 06:00","2024","08","10","06:00","14.0","","12.3","","89","","0.0","","23","","5","","","","97.39","","","","","","NA"
"-80.22","43.54","GUELPH TURFGRASS INSTITUTE","6143092","2024-08-10 07:00","2024","08","10","07:00","15.5","","12.9","","85","","0.0","","23","","10","","","","97.44","","","","","","NA"
"-80.22","43.54","GUELPH TURFGRASS INSTITUTE","6143092","2024-08-10 08:00","2024","08","10","08:00","16.9","","13.1","","78","","0.0","","26","","14","","","","97.48","","","","","","NA"
"-80.22","43.54","GUELPH TURFGRASS INSTITUTE","6143092","2024-08-10 09:00","2024","08","10","09:00","18.1","","12.2","","69","","0.0","","27","","17","","","","97.48","","","","","","NA"
"-80.22","43.54","GUELPH TURFGRASS INSTITUTE","6143092","2024-08-10 10:00","2024","08","10","10:00","19.1","","11.8","","63","","0.0","","26","","17","","","","97.52","","","","","","NA"
"-80.22","43.54","GUELPH TURFGRASS INSTITUTE","6143092","2024-08-10 11:00","2024","08","10","11:00","19.7","","11.1","","58","","0.0","","25","","16","","","","97.52","","","","","","NA"
"-80.22","43.54","GUELPH TURFGRASS INSTITUTE","6143092","2024-08-10 12:00","2024","08","10","12:00","20.3","","10.8","","54","","0.0","","25","","16","","","","97.50","","","","","","NA"
"-80.22","43.54","GUELPH TURFGRASS INSTITUTE","6143092","2024-08-10 13:00","2024","08","10","13:00","20.1","","8.8","","48","","0.0","","28","","16","","","","97.48","","","","","","NA"
"-80.22","43.54","GUELPH TURFGRASS INSTITUTE","6143092","2024-08-10 14:00","2024","08","10","14:00","20.5","","10.1","","51","","0.0","","26","","18","","","","97.49","","","","","","NA"
"-80.22","43.54","GUELPH TURFGRASS INSTITUTE","6143092","2024-08-10 15:00","2024","08","10","15:00","19.6","","10.6","","56","","0.0","","27","","15","","","","97.50","","","","","","NA"
"-80.22","43.54","GUELPH TURFGRASS INSTITUTE","6143092","2024-08-10 16:00","2024","08","10","16:00","18.9","","9.8","","56","","0.0","","26","","19","","","","97.52","","","","","","NA"
"-80.22","43.54","GUELPH TURFGRASS INSTITUTE","6143092","2024-08-10 17:00","2024","08","10","17:00","18.6","","10.4","","59","","0.0","","26","","13","","","","97.53","","","","","","NA"
"-80.22","43.54","GUELPH TURFGRASS INSTITUTE","6143092","2024-08-10 18:00","2024","08","10","18:00","18.5","","11.3","","63","","0.0","","25","","9","","","","97.51","","","","","","NA"
"-80.22","43.54","GUELPH TURFGRASS INSTITUTE","6143092","2024-08-10 19:00","2024","08","10","19:00","18.2","","11.3","","64","","0.0","","26","","9","","","","97.52","","","","","","NA"
"-80.22","43.54","GUELPH TURFGRASS INSTITUTE","6143092","2024-08-10 20:00","2024","08","10","20:00","18.1","","11.5","","65","","0.0","","24","","14","","","","97.52","","","","","","NA"
"-80.22","43.54","GUELPH TURFGRASS INSTITUTE","6143092","2024-08-10 21:00","2024","08","10","21:00","17.6","","11.9","","70","","0.0","","27","","11","","","","97.57","","","","","","NA"
"-80.22","43.54","GUELPH TURFGRASS INSTITUTE","6143092","2024-08-10 22:00","2024","08","10","22:00","17.4","","11.9","","70","","0.0","","26","","10","","","","97.57","","","","","","NA"
"-80.22","43.54","GUELPH TURFGRASS INSTITUTE","6143092","2024-08-10 23:00","2024","08","10","23:00","16.6","","12.5","","77","","0.0","","25","","6","","","","97.57","","","","","","NA"
"-80.22","43.54","GUELPH TURFGRASS INSTITUTE","6143092","2024-08-11 00:00","2024","08","11","00:00","15.9","","11.3","","74","","0.0","","25","","9","","","","97.58","","","","","","NA"
"-80.22","43.54","GUELPH TURFGRASS INSTITUTE","6143092","2024-08-11 01:00","2024","08","11","01:00","14.8","","11.1","","79","","0.0","","25","","6","","","","97.58","","","","","","NA"
"-80.22","43.54","GUELPH TURFGRASS INSTITUTE","6143092","2024-08-11 02:00","2024","08","11","02:00","13.9","","11.1","","83","","0.0","","20","","5","","","","97.55","","","","","","NA"
"-80.22","43.54","GUELPH TURFGRASS INSTITUTE","6143092","2024-08-11 03:00","2024","08","11","03:00","13.7","","11.2","","85","","0.0","","21","","3","","","","97.53","","","","","","NA"
"-80.22","43.54","GUELPH TURFGRASS INSTITUTE","6143092","2024-08-11 04:00","2024","08","11","04:00","13.3","","12.0","","92","","0.4","","","","0","","","","97.51","","","","","","NA"
"-80.22","43.54","GUELPH TURFGRASS INSTITUTE","6143092","2024-08-11 05:00","2024","08","11","05:00","14.0","","12.2","","89","","0.0","","23","","5","","","","97.51","","","","","","NA"
"-80.22","43.54","GUELPH TURFGRASS INSTITUTE","6143092","2024-08-11 06:00","2024","08","11","06:00","14.2","","12.4","","89","","0.0","","21","","5","","","","97.49","","","","","","NA"
"-80.22","43.54","GUELPH TURFGRASS INSTITUTE","6143092","2024-08-11 07:00","2024","08","11","07:00","15.6","","13.1","","85","","0.0","","25","","8","","","","97.51","","","","","","NA"
"-80.22","43.54","GUELPH TURFGRASS INSTITUTE","6143092","2024-08-11 08:00","2024","08","11","08:00","16.6","","13.0","","80","","0.0","","26","","11","","","","97.55","","","","","","NA"
"-80.22","43.54","GUELPH TURFGRASS INSTITUTE","6143092","2024-08-11 09:00","2024","08","11","09:00","17.5","","12.6","","73","","0.0","","26","","14","","","","97.53","","","","","","NA"
"-80.22","43.54","GUELPH TURFGRASS INSTITUTE","6143092","2024-08-11 10:00","2024","08","11","10:00","16.9","","12.9","","77","","0.0","","32","","12","","","","97.54","","","","","","NA"
"-80.22","43.54","GUELPH TURFGRASS INSTITUTE","6143092","2024-08-11 11:00","2024","08","11","11:00","16.6","","11.6","","72","","0.0","","27","","18","","","","97.54","","","","","","NA"
"-80.22","43.54","GUELPH TURFGRASS INSTITUTE","6143092","2024-08-11 12:00","2024","08","11","12:00","19.6","","11.6","","60","","0.0","","26","","21","","","","97.48","","","","","","NA"
"-80.22","43.54","GUELPH TURFGRASS INSTITUTE","6143092","2024-08-11 13:00","2024","08","11","13:00","16.3","","11.4","","73","","0.3","","30","","18","","","","97.52","","","","","","NA"
"-80.22","43.54","GUELPH TURFGRASS INSTITUTE","6143092","2024-08-11 14:00","2024","08","11","14:00","18.6","","11.6","","64","","0.0","","27","","21","","","","97.49","","","","","","NA"
"-80.22","43.54","GUELPH TURFGRASS INSTITUTE","6143092","2024-08-11 15:00","2024","08","11","15:00","19.2","","10.1","","56","","0.0","","28","","23","","","","97.50","","","","","","NA"
"-80.22","43.54","GUELPH TURFGRASS INSTITUTE","6143092","2024-08-11 16:00","2024","08","11","16:00","18.7","","10.5","","59","","0.0","","27","","20","","","","97.52","","","","","","NA"
"-80.22","43.54","GUELPH TURFGRASS INSTITUTE","6143092","2024-08-11 17:00","2024","08","11","17:00","18.4","","11.3","","63","","0.0","","30","","16","","","","97.53","","","","","","NA"
"-80.22","43.54","GUELPH TURFGRASS INSTITUTE","6143092","2024-08-11 18:00","2024","08","11","18:00","18.5","","11.9","","66","","0.0","","30","","13","","","","97.51","","","","","","NA"
"-80.22","43.54","GUELPH TURFGRASS INSTITUTE","6143092","2024-08-11 19:00","2024","08","11","19:00","18.0","","11.4","","65","","0.0","","27","","10","","","","97.53","","","","","","NA"
"-80.22","43.54","GUELPH TURFGRASS INSTITUTE","6143092","2024-08-11 20:00","2024","08","11","20:00","15.9","","11.6","","75","","0.0","","27","","4","","","","97.55","","","","","","NA"
"-80.22","43.54","GUELPH TURFGRASS INSTITUTE","6143092","2024-08-11 21:00","2024","08","11","21:00","16.0","","11.9","","77","","0.0","","23","","3","","","","97.56","","","","","","NA"
"-80.22","43.54","GUELPH TURFGRASS INSTITUTE","6143092","2024-08-11 22:00","2024","08","11","22:00","16.8","","12.7","","77","","0.0","","28","","8","","","","97.57","","","","","","NA"
"-80.22","43.54","GUELPH TURFGRASS INSTITUTE","6143092","2024-08-11 23:00","2024","08","11","23:00","15.5","","13.1","","85","","0.0","","30","","11","","","","97.58","","","","","","NA"
"-80.22","43.54","GUELPH TURFGRASS INSTITUTE","6143092","2024-08-12 00:00","2024","08","12","00:00"
"-80.22","43.54","GUELPH TURFGRASS INSTITUTE","6143092","2024-08-12 01:00","2024","08","12","01:00"
"-80.22","43.54","GUELPH TURFGRASS INSTITUTE","6143092","2024-08-12 02:00","2024","08","12","02:00"
"-80.22","43.54","GUELPH TURFGRASS INSTITUTE","6143092","2024-08-12 03:00","2024","08","12","03:00"
"-80.22","43.54","GUELPH TURFGRASS INSTITUTE","6143092","2024-08-12 04:00","2024","08","12","04:00"
"-80.22","43.54","GUELPH TURFGRASS INSTITUTE","6143092","2024-08-12 05:00","2024","08","12","05:00"
"-80.22","43.54","GUELPH TURFGRASS INSTITUTE","6143092","2024-08-12 06:00","2024","08","12","06:00"
"-80.22","43.54","GUELPH TURFGRASS INSTITUTE","6143092","2024-08-12 07:00","2024","08","12","07:00"
"-80.22","43.54","GUELPH TURFGRASS INSTITUTE","6143092","2024-08-12 08:00","2024","08","12","08:00"
"-80.22","43.54","GUELPH TURFGRASS INSTITUTE","6143092","2024-08-12 09:00","2024","08","12","09:00"
"-80.22","43.54","GUELPH TURFGRASS INSTITUTE","6143092","2024-08-12 10:00","2024","08","12","10:00"
"-80.22","43.54","GUELPH TURFGRASS INSTITUTE","6143092","2024-08-12 11:00","2024","08","12","11:00"
"-80.22","43.54","GUELPH TURFGRASS INSTITUTE","6143092","2024-08-12 12:00","2024","08","12","12:00"
"-80.22","43.54","GUELPH TURFGRASS INSTITUTE","6143092","2024-08-12 13:00","2024","08","12","13:00"
"-80.22","43.54","GUELPH TURFGRASS INSTITUTE","6143092","2024-08-12 14:00","2024","08","12","14:00"
"-80.22","43.54","GUELPH TURFGRASS INSTITUTE","6143092","2024-08-12 15:00","2024","08","12","15:00"
"-80.22","43.54","GUELPH TURFGRASS INSTITUTE","6143092","2024-08-12 16:00","2024","08","12","16:00"
"-80.22","43.54","GUELPH TURFGRASS INSTITUTE","6143092","2024-08-12 17:00","2024","08","12","17:00"
"-80.22","43.54","GUELPH TURFGRASS INSTITUTE","6143092","2024-08-12 18:00","2024","08","12","18:00"
"-80.22","43.54","GUELPH TURFGRASS INSTITUTE","6143092","2024-08-12 19:00","2024","08","12","19:00"
"-80.22","43.54","GUELPH TURFGRASS INSTITUTE","6143092","2024-08-12 20:00","2024","08","12","20:00"
"-80.22","43.54","GUELPH TURFGRASS INSTITUTE","6143092","2024-08-12 21:00","2024","08","12","21:00"
"-80.22","43.54","GUELPH TURFGRASS INSTITUTE","6143092","2024-08-12 22:00","2024","08","12","22:00"
"-80.22","43.54","GUELPH TURFGRASS INSTITUTE","6143092","2024-08-12 23:00","2024","08","12","23:00"
"-80.22","43.54","GUELPH TURFGRASS INSTITUTE","6143092","2024-08-13 00:00","2024","08","13","00:00"
"-80.22","43.54","GUELPH TURFGRASS INSTITUTE","6143092","2024-08-13 01:00","2024","08","13","01:00"
"-80.22","43.54","GUELPH TURFGRASS INSTITUTE","6143092","2024-08-13 02:00","2024","08","13","02:00"
"-80.22","43.54","GUELPH TURFGRASS INSTITUTE","6143092","2024-08-13 03:00","2024","08","13","03:00"
"-80.22","43.54","GUELPH TURFGRASS INSTITUTE","6143092","2024-08-13 04:00","2024","08","13","04:00"
"-80.22","43.54","GUELPH TURFGRASS INSTITUTE","6143092","2024-08-13 05:00","2024","08","13","05:00"
"-80.22","43.54","GUELPH TURFGRASS INSTITUTE","6143092","2024-08-13 06:00","2024","08","13","06:00"
"-80.22","43.54","GUELPH TURFGRASS INSTITUTE","6143092","2024-08-13 07:00","2024","08","13","07:00"
"-80.22","43.54","GUELPH TURFGRASS INSTITUTE","6143092","2024-08-13 08:00","2024","08","13","08:00"
"-80.22","43.54","GUELPH TURFGRASS INSTITUTE","6143092","2024-08-13 09:00","2024","08","13","09:00"
"-80.22","43.54","GUELPH TURFGRASS INSTITUTE","6143092","2024-08-13 10:00","2024","08","13","10:00"
"-80.22","43.54","GUELPH TURFGRASS INSTITUTE","6143092","2024-08-13 11:00","2024","08","13","11:00"
"-80.22","43.54","GUELPH TURFGRASS INSTITUTE","6143092","2024-08-13 12:00","2024","08","13","12:00"
"-80.22","43.54","GUELPH TURFGRASS INSTITUTE","6143092","2024-08-13 13:00","2024","08","13","13:00"
"-80.22","43.54","GUELPH TURFGRASS INSTITUTE","6143092","2024-08-13 14:00","2024","08","13","14:00"
"-80.22","43.54","GUELPH TURFGRASS INSTITUTE","6143092","2024-08-13 15:00","2024","08","13","15:00"
"-80.22","43.54","GUELPH TURFGRASS INSTITUTE","6143092","2024-08-13 16:00","2024","08","13","16:00"
"-80.22","43.54","GUELPH TURFGRASS INSTITUTE","6143092","2024-08-13 17:00","2024","08","13","17:00"
"-80.22","43.54","GUELPH TURFGRASS INSTITUTE","6143092","2024-08-13 18:00","2024","08","13","18:00"
"-80.22","43.54","GUELPH TURFGRASS INSTITUTE","6143092","2024-08-13 19:00","2024","08","13","19:00"
"-80.22","43.54","GUELPH TURFGRASS INSTITUTE","6143092","2024-08-13 20:00","2024","08","13","20:00"
"-80.22","43.54","GUELPH TURFGRASS INSTITUTE","6143092","2024-08-13 21:00","2024","08","13","21:00"
"-80.22","43.54","GUELPH TURFGRASS INSTITUTE","6143092","2024-08-13 22:00","2024","08","13","22:00"
"-80.22","43.54","GUELPH TURFGRASS INSTITUTE","6143092","2024-08-13 23:00","2024","08","13","23:00"
"-80.22","43.54","GUELPH TURFGRASS INSTITUTE","6143092","2024-08-14 00:00","2024","08","14","00:00"
"-80.22","43.54","GUELPH TURFGRASS INSTITUTE","6143092","2024-08-14 01:00","2024","08","14","01:00"
"-80.22","43.54","GUELPH TURFGRASS INSTITUTE","6143092","2024-08-14 02:00","2024","08","14","02:00"
"-80.22","43.54","GUELPH TURFGRASS INSTITUTE","6143092","2024-08-14 03:00","2024","08","14","03:00"
"-80.22","43.54","GUELPH TURFGRASS INSTITUTE","6143092","2024-08-14 04:00","2024","08","14","04:00"
"-80.22","43.54","GUELPH TURFGRASS INSTITUTE","6143092","2024-08-14 05:00","2024","08","14","05:00"
"-80.22","43.54","GUELPH TURFGRASS INSTITUTE","6143092","2024-08-14 06:00","2024","08","14","06:00"
"-80.22","43.54","GUELPH TURFGRASS INSTITUTE","6143092","2024-08-14 07:00","2024","08","14","07:00"
"-80.22","43.54","GUELPH TURFGRASS INSTITUTE","6143092","2024-08-14 08:00","2024","08","14","08:00"
"-80.22","43.54","GUELPH TURFGRASS INSTITUTE","6143092","2024-08-14 09:00","2024","08","14","09:00"
"-80.22","43.54","GUELPH TURFGRASS INSTITUTE","6143092","2024-08-14 10:00","2024","08","14","10:00"
"-80.22","43.54","GUELPH TURFGRASS INSTITUTE","6143092","2024-08-14 11:00","2024","08","14","11:00"
"-80.22","43.54","GUELPH TURFGRASS INSTITUTE","6143092","2024-08-14 12:00","2024","08","14","12:00"
"-80.22","43.54","GUELPH TURFGRASS INSTITUTE","6143092","2024-08-14 13:00","2024","08","14","13:00"
"-80.22","43.54","GUELPH TURFGRASS INSTITUTE","6143092","2024-08-14 14:00","2024","08","14","14:00"
"-80.22","43.54","GUELPH TURFGRASS INSTITUTE","6143092","2024-08-14 15:00","2024","08","14","15:00"
"-80.22","43.54","GUELPH TURFGRASS INSTITUTE","6143092","2024-08-14 16:00","2024","08","14","16:00"
"-80.22","43.54","GUELPH TURFGRASS INSTITUTE","6143092","2024-08-14 17:00","2024","08","14","17:00"
"-80.22","43.54","GUELPH TURFGRASS INSTITUTE","6143092","2024-08-14 18:00","2024","08","14","18:00"
"-80.22","43.54","GUELPH TURFGRASS INSTITUTE","6143092","2024-08-14 19:00","2024","08","14","19:00"
"-80.22","43.54","GUELPH TURFGRASS INSTITUTE","6143092","2024-08-14 20:00","2024","08","14","20:00"
"-80.22","43.54","GUELPH TURFGRASS INSTITUTE","6143092","2024-08-14 21:00","2024","08","14","21:00"
"-80.22","43.54","GUELPH TURFGRASS INSTITUTE","6143092","2024-08-14 22:00","2024","08","14","22:00"
"-80.22","43.54","GUELPH TURFGRASS INSTITUTE","6143092","2024-08-14 23:00","2024","08","14","23:00"
"-80.22","43.54","GUELPH TURFGRASS INSTITUTE","6143092","2024-08-15 00:00","2024","08","15","00:00"
"-80.22","43.54","GUELPH TURFGRASS INSTITUTE","6143092","2024-08-15 01:00","2024","08","15","01:00"
"-80.22","43.54","GUELPH TURFGRASS INSTITUTE","6143092","2024-08-15 02:00","2024","08","15","02:00"
"-80.22","43.54","GUELPH TURFGRASS INSTITUTE","6143092","2024-08-15 03:00","2024","08","15","03:00"
"-80.22","43.54","GUELPH TURFGRASS INSTITUTE","6143092","2024-08-15 04:00","2024","08","15","04:00"
"-80.22","43.54","GUELPH TURFGRASS INSTITUTE","6143092","2024-08-15 05:00","2024","08","15","05:00"
"-80.22","43.54","GUELPH TURFGRASS INSTITUTE","6143092","2024-08-15 06:00","2024","08","15","06:00"
"-80.22","43.54","GUELPH TURFGRASS INSTITUTE","6143092","2024-08-15 07:00","2024","08","15","07:00"
"-80.22","43.54","GUELPH TURFGRASS INSTITUTE","6143092","2024-08-15 08:00","2024","08","15","08:00"
"-80.22","43.54","GUELPH TURFGRASS INSTITUTE","6143092","2024-08-15 09:00","2024","08","15","09:00"
"-80.22","43.54","GUELPH TURFGRASS INSTITUTE","6143092","2024-08-15 10:00","2024","08","15","10:00"
"-80.22","43.54","GUELPH TURFGRASS INSTITUTE","6143092","2024-08-15 11:00","2024","08","15","11:00"
"-80.22","43.54","GUELPH TURFGRASS INSTITUTE","6143092","2024-08-15 12:00","2024","08","15","12:00"
"-80.22","43.54","GUELPH TURFGRASS INSTITUTE","6143092","2024-08-15 13:00","2024","08","15","13:00"
"-80.22","43.54","GUELPH TURFGRASS INSTITUTE","6143092","2024-08-15 14:00","2024","08","15","14:00"
"-80.22","43.54","GUELPH TURFGRASS INSTITUTE","6143092","2024-08-15 15:00","2024","08","15","15:00"
"-80.22","43.54","GUELPH TURFGRASS INSTITUTE","6143092","2024-08-15 16:00","2024","08","15","16:00"
"-80.22","43.54","GUELPH TURFGRASS INSTITUTE","6143092","2024-08-15 17:00","2024","08","15","17:00"
"-80.22","43.54","GUELPH TURFGRASS INSTITUTE","6143092","2024-08-15 18:00","2024","08","15","18:00"
"-80.22","43.54","GUELPH TURFGRASS INSTITUTE","6143092","2024-08-15 19:00","2024","08","15","19:00"
"-80.22","43.54","GUELPH TURFGRASS INSTITUTE","6143092","2024-08-15 20:00","2024","08","15","20:00"
"-80.22","43.54","GUELPH TURFGRASS INSTITUTE","6143092","2024-08-15 21:00","2024","08","15","21:00"
"-80.22","43.54","GUELPH TURFGRASS INSTITUTE","6143092","2024-08-15 22:00","2024","08","15","22:00"
"-80.22","43.54","GUELPH TURFGRASS INSTITUTE","6143092","2024-08-15 23:00","2024","08","15","23:00"
"-80.22","43.54","GUELPH TURFGRASS INSTITUTE","6143092","2024-08-16 00:00","2024","08","16","00:00"
"-80.22","43.54","GUELPH TURFGRASS INSTITUTE","6143092","2024-08-16 01:00","2024","08","16","01:00"
"-80.22","43.54","GUELPH TURFGRASS INSTITUTE","6143092","2024-08-16 02:00","2024","08","16","02:00"
"-80.22","43.54","GUELPH TURFGRASS INSTITUTE","6143092","2024-08-16 03:00","2024","08","16","03:00"
"-80.22","43.54","GUELPH TURFGRASS INSTITUTE","6143092","2024-08-16 04:00","2024","08","16","04:00"
"-80.22","43.54","GUELPH TURFGRASS INSTITUTE","6143092","2024-08-16 05:00","2024","08","16","05:00"
"-80.22","43.54","GUELPH TURFGRASS INSTITUTE","6143092","2024-08-16 06:00","2024","08","16","06:00"
"-80.22","43.54","GUELPH TURFGRASS INSTITUTE","6143092","2024-08-16 07:00","2024","08","16","07:00"
"-80.22","43.54","GUELPH TURFGRASS INSTITUTE","6143092","2024-08-16 08:00","2024","08","16","08:00"
"-80.22","43.54","GUELPH TURFGRASS INSTITUTE","6143092","2024-08-16 09:00","2024","08","16","09:00"
"-80.22","43.54","GUELPH TURFGRASS INSTITUTE","6143092","2024-08-16 10:00","2024","08","16","10:00"
"-80.22","43.54","GUELPH TURFGRASS INSTITUTE","6143092","2024-08-16 11:00","2024","08","16","11:00"
"-80.22","43.54","GUELPH TURFGRASS INSTITUTE","6143092","2024-08-16 12:00","2024","08","16","12:00"
"-80.22","43.54","GUELPH TURFGRASS INSTITUTE","6143092","2024-08-16 13:00","2024","08","16","13:00"
"-80.22","43.54","GUELPH TURFGRASS INSTITUTE","6143092","2024-08-16 14:00","2024","08","16","14:00"
"-80.22","43.54","GUELPH TURFGRASS INSTITUTE","6143092","2024-08-16 15:00","2024","08","16","15:00"
"-80.22","43.54","GUELPH TURFGRASS INSTITUTE","6143092","2024-08-16 16:00","2024","08","16","16:00"
"-80.22","43.54","GUELPH TURFGRASS INSTITUTE","6143092","2024-08-16 17:00","2024","08","16","17:00"
"-80.22","43.54","GUELPH TURFGRASS INSTITUTE","6143092","2024-08-16 18:00","2024","08","16","18:00"
"-80.22","43.54","GUELPH TURFGRASS INSTITUTE","6143092","2024-08-16 19:00","2024","08","16","19:00"
"-80.22","43.54","GUELPH TURFGRASS INSTITUTE","6143092","2024-08-16 20:00","2024","08","16","20:00"
"-80.22","43.54","GUELPH TURFGRASS INSTITUTE","6143092","2024-08-16 21:00","2024","08","16","21:00"
"-80.22","43.54","GUELPH TURFGRASS INSTITUTE","6143092","2024-08-16 22:00","2024","08","16","22:00"
"-80.22","43.54","GUELPH TURFGRASS INSTITUTE","6143092","2024-08-16 23:00","2024","08","16","23:00"
"-80.22","43.54","GUELPH TURFGRASS INSTITUTE","6143092","2024-08-17 00:00","2024","08","17","00:00"
"-80.22","43.54","GUELPH TURFGRASS INSTITUTE","6143092","2024-08-17 01:00","2024","08","17","01:00"
"-80.22","43.54","GUELPH TURFGRASS INSTITUTE","6143092","2024-08-17 02:00","2024","08","17","02:00"
"-80.22","43.54","GUELPH TURFGRASS INSTITUTE","6143092","2024-08-17 03:00","2024","08","17","03:00"
"-80.22","43.54","GUELPH TURFGRASS INSTITUTE","6143092","2024-08-17 04:00","2024","08","17","04:00"
"-80.22","43.54","GUELPH TURFGRASS INSTITUTE","6143092","2024-08-17 05:00","2024","08","17","05:00"
"-80.22","43.54","GUELPH TURFGRASS INSTITUTE","6143092","2024-08-17 06:00","2024","08","17","06:00"
"-80.22","43.54","GUELPH TURFGRASS INSTITUTE","6143092","2024-08-17 07:00","2024","08","17","07:00"
"-80.22","43.54","GUELPH TURFGRASS INSTITUTE","6143092","2024-08-17 08:00","2024","08","17","08:00"
"-80.22","43.54","GUELPH TURFGRASS INSTITUTE","6143092","2024-08-17 09:00","2024","08","17","09:00"
"-80.22","43.54","GUELPH TURFGRASS INSTITUTE","6143092","2024-08-17 10:00","2024","08","17","10:00"
"-80.22","43.54","GUELPH TURFGRASS INSTITUTE","6143092","2024-08-17 11:00","2024","08","17","11:00"
"-80.22","43.54","GUELPH TURFGRASS INSTITUTE","6143092","2024-08-17 12:00","2024","08","17","12:00"
"-80.22","43.54","GUELPH TURFGRASS INSTITUTE","6143092","2024-08-17 13:00","2024","08","17","13:00"
"-80.22","43.54","GUELPH TURFGRASS INSTITUTE","6143092","2024-08-17 14:00","2024","08","17","14:00"
"-80.22","43.54","GUELPH TURFGRASS INSTITUTE","6143092","2024-08-17 15:00","2024","08","17","15:00"
"-80.22","43.54","GUELPH TURFGRASS INSTITUTE","6143092","2024-08-17 16:00","2024","08","17","16:00"
"-80.22","43.54","GUELPH TURFGRASS INSTITUTE","6143092","2024-08-17 17:00","2024","08","17","17:00"
"-80.22","43.54","GUELPH TURFGRASS INSTITUTE","6143092","2024-08-17 18:00","2024","08","17","18:00"
"-80.22","43.54","GUELPH TURFGRASS INSTITUTE","6143092","2024-08-17 19:00","2024","08","17","19:00"
"-80.22","43.54","GUELPH TURFGRASS INSTITUTE","6143092","2024-08-17 20:00","2024","08","17","20:00"
"-80.22","43.54","GUELPH TURFGRASS INSTITUTE","6143092","2024-08-17 21:00","2024","08","17","21:00"
"-80.22","43.54","GUELPH TURFGRASS INSTITUTE","6143092","2024-08-17 22:00","2024","08","17","22:00"
"-80.22","43.54","GUELPH TURFGRASS INSTITUTE","6143092","2024-08-17 23:00","2024","08","17","23:00"
"-80.22","43.54","GUELPH TURFGRASS INSTITUTE","6143092","2024-08-18 00:00","2024","08","18","00:00"
"-80.22","43.54","GUELPH TURFGRASS INSTITUTE","6143092","2024-08-18 01:00","2024","08","18","01:00"
"-80.22","43.54","GUELPH TURFGRASS INSTITUTE","6143092","2024-08-18 02:00","2024","08","18","02:00"
"-80.22","43.54","GUELPH TURFGRASS INSTITUTE","6143092","2024-08-18 03:00","2024","08","18","03:00"
"-80.22","43.54","GUELPH TURFGRASS INSTITUTE","6143092","2024-08-18 04:00","2024","08","18","04:00"
"-80.22","43.54","GUELPH TURFGRASS INSTITUTE","6143092","2024-08-18 05:00","2024","08","18","05:00"
"-80.22","43.54","GUELPH TURFGRASS INSTITUTE","6143092","2024-08-18 06:00","2024","08","18","06:00"
"-80.22","43.54","GUELPH TURFGRASS INSTITUTE","6143092","2024-08-18 07:00","2024","08","18","07:00"
"-80.22","43.54","GUELPH TURFGRASS INSTITUTE","6143092","2024-08-18 08:00","2024","08","18","08:00"
"-80.22","43.54","GUELPH TURFGRASS INSTITUTE","6143092","2024-08-18 09:00","2024","08","18","09:00"
"-80.22","43.54","GUELPH TURFGRASS INSTITUTE","6143092","2024-08-18 10:00","2024","08","18","10:00"
"-80.22","43.54","GUELPH TURFGRASS INSTITUTE","6143092","2024-08-18 11:00","2024","08","18","11:00"
"-80.22","43.54","GUELPH TURFGRASS INSTITUTE","6143092","2024-08-18 12:00","2024","08","18","12:00"
"-80.22","43.54","GUELPH TURFGRASS INSTITUTE","6143092","2024-08-18 13:00","2024","08","18","13:00"
"-80.22","43.54","GUELPH TURFGRASS INSTITUTE","6143092","2024-08-18 14:00","2024","08","18","14:00"
"-80.22","43.54","GUELPH TURFGRASS INSTITUTE","6143092","2024-08-18 15:00","2024","08","18","15:00"
"-80.22","43.54","GUELPH TURFGRASS INSTITUTE","6143092","2024-08-18 16:00","2024","08","18","16:00"
"-80.22","43.54","GUELPH TURFGRASS INSTITUTE","6143092","2024-08-18 17:00","2024","08","18","17:00"
"-80.22","43.54","GUELPH TURFGRASS INSTITUTE","6143092","2024-08-18 18:00","2024","08","18","18:00"
"-80.22","43.54","GUELPH TURFGRASS INSTITUTE","6143092","2024-08-18 19:00","2024","08","18","19:00"
"-80.22","43.54","GUELPH TURFGRASS INSTITUTE","6143092","2024-08-18 20:00","2024","08","18","20:00"
"-80.22","43.54","GUELPH TURFGRASS INSTITUTE","6143092","2024-08-18 21:00","2024","08","18","21:00"
"-80.22","43.54","GUELPH TURFGRASS INSTITUTE","6143092","2024-08-18 22:00","2024","08","18","22:00"
"-80.22","43.54","GUELPH TURFGRASS INSTITUTE","6143092","2024-08-18 23:00","2024","08","18","23:00"
"-80.22","43.54","GUELPH TURFGRASS INSTITUTE","6143092","2024-08-19 00:00","2024","08","19","00:00"
"-80.22","43.54","GUELPH TURFGRASS INSTITUTE","6143092","2024-08-19 01:00","2024","08","19","01:00"
"-80.22","43.54","GUELPH TURFGRASS INSTITUTE","6143092","2024-08-19 02:00","2024","08","19","02:00"
"-80.22","43.54","GUELPH TURFGRASS INSTITUTE","6143092","2024-08-19 03:00","2024","08","19","03:00"
"-80.22","43.54","GUELPH TURFGRASS INSTITUTE","6143092","2024-08-19 04:00","2024","08","19","04:00"
"-80.22","43.54","GUELPH TURFGRASS INSTITUTE","6143092","2024-08-19 05:00","2024","08","19","05:00"
"-80.22","43.54","GUELPH TURFGRASS INSTITUTE","6143092","2024-08-19 06:00","2024","08","19","06:00"
"-80.22","43.54","GUELPH TURFGRASS INSTITUTE","6143092","2024-08-19 07:00","2024","08","19","07:00"
"-80.22","43.54","GUELPH TURFGRASS INSTITUTE","6143092","2024-08-19 08:00","2024","08","19","08:00"
"-80.22","43.54","GUELPH TURFGRASS INSTITUTE","6143092","2024-08-19 09:00","2024","08","19","09:00"
"-80.22","43.54","GUELPH TURFGRASS INSTITUTE","6143092","2024-08-19 10:00","2024","08","19","10:00"
"-80.22","43.54","GUELPH TURFGRASS INSTITUTE","6143092","2024-08-19 11:00","2024","08","19","11:00"
"-80.22","43.54","GUELPH TURFGRASS INSTITUTE","6143092","2024-08-19 12:00","2024","08","19","12:00"
"-80.22","43.54","GUELPH TURFGRASS INSTITUTE","6143092","2024-08-19 13:00","2024","08","19","13:00"
"-80.22","43.54","GUELPH TURFGRASS INSTITUTE","6143092","2024-08-19 14:00","2024","08","19","14:00"
"-80.22","43.54","GUELPH TURFGRASS INSTITUTE","6143092","2024-08-19 15:00","2024","08","19","15:00"
"-80.22","43.54","GUELPH TURFGRASS INSTITUTE","6143092","2024-08-19 16:00","2024","08","19","16:00"
"-80.22","43.54","GUELPH TURFGRASS INSTITUTE","6143092","2024-08-19 17:00","2024","08","19","17:00"
"-80.22","43.54","GUELPH TURFGRASS INSTITUTE","6143092","2024-08-19 18:00","2024","08","19","18:00"
"-80.22","43.54","GUELPH TURFGRASS INSTITUTE","6143092","2024-08-19 19:00","2024","08","19","19:00"
"-80.22","43.54","GUELPH TURFGRASS INSTITUTE","6143092","2024-08-19 20:00","2024","08","19","20:00"
"-80.22","43.54","GUELPH TURFGRASS INSTITUTE","6143092","2024-08-19 21:00","2024","08","19","21:00"
"-80.22","43.54","GUELPH TURFGRASS INSTITUTE","6143092","2024-08-19 22:00","2024","08","19","22:00"
"-80.22","43.54","GUELPH TURFGRASS INSTITUTE","6143092","2024-08-19 23:00","2024","08","19","23:00"
"-80.22","43.54","GUELPH TURFGRASS INSTITUTE","6143092","2024-08-20 00:00","2024","08","20","00:00"
"-80.22","43.54","GUELPH TURFGRASS INSTITUTE","6143092","2024-08-20 01:00","2024","08","20","01:00"
"-80.22","43.54","GUELPH TURFGRASS INSTITUTE","6143092","2024-08-20 02:00","2024","08","20","02:00"
"-80.22","43.54","GUELPH TURFGRASS INSTITUTE","6143092","2024-08-20 03:00","2024","08","20","03:00"
"-80.22","43.54","GUELPH TURFGRASS INSTITUTE","6143092","2024-08-20 04:00","2024","08","20","04:00"
"-80.22","43.54","GUELPH TURFGRASS INSTITUTE","6143092","2024-08-20 05:00","2024","08","20","05:00"
"-80.22","43.54","GUELPH TURFGRASS INSTITUTE","6143092","2024-08-20 06:00","2024","08","20","06:00"
"-80.22","43.54","GUELPH TURFGRASS INSTITUTE","6143092","2024-08-20 07:00","2024","08","20","07:00"
"-80.22","43.54","GUELPH TURFGRASS INSTITUTE","6143092","2024-08-20 08:00","2024","08","20","08:00"
"-80.22","43.54","GUELPH TURFGRASS INSTITUTE","6143092","2024-08-20 09:00","2024","08","20","09:00"
"-80.22","43.54","GUELPH TURFGRASS INSTITUTE","6143092","2024-08-20 10:00","2024","08","20","10:00"
"-80.22","43.54","GUELPH TURFGRASS INSTITUTE","6143092","2024-08-20 11:00","2024","08","20","11:00"
"-80.22","43.54","GUELPH TURFGRASS INSTITUTE","6143092","2024-08-20 12:00","2024","08","20","12:00"
"-80.22","43.54","GUELPH TURFGRASS INSTITUTE","6143092","2024-08-20 13:00","2024","08","20","13:00"
"-80.22","43.54","GUELPH TURFGRASS INSTITUTE","6143092","2024-08-20 14:00","2024","08","20","14:00"
"-80.22","43.54","GUELPH TURFGRASS INSTITUTE","6143092","2024-08-20 15:00","2024","08","20","15:00"
"-80.22","43.54","GUELPH TURFGRASS INSTITUTE","6143092","2024-08-20 16:00","2024","08","20","16:00"
"-80.22","43.54","GUELPH TURFGRASS INSTITUTE","6143092","2024-08-20 17:00","2024","08","20","17:00"
"-80.22","43.54","GUELPH TURFGRASS INSTITUTE","6143092","2024-08-20 18:00","2024","08","20","18:00"
"-80.22","43.54","GUELPH TURFGRASS INSTITUTE","6143092","2024-08-20 19:00","2024","08","20","19:00"
"-80.22","43.54","GUELPH TURFGRASS INSTITUTE","6143092","2024-08-20 20:00","2024","08","20","20:00"
"-80.22","43.54","GUELPH TURFGRASS INSTITUTE","6143092","2024-08-20 21:00","2024","08","20","21:00"
"-80.22","43.54","GUELPH TURFGRASS INSTITUTE","6143092","2024-08-20 22:00","2024","08","20","22:00"
"-80.22","43.54","GUELPH TURFGRASS INSTITUTE","6143092","2024-08-20 23:00","2024","08","20","23:00"
"-80.22","43.54","GUELPH TURFGRASS INSTITUTE","6143092","2024-08-21 00:00","2024","08","21","00:00"
"-80.22","43.54","GUELPH TURFGRASS INSTITUTE","6143092","2024-08-21 01:00","2024","08","21","01:00"
"-80.22","43.54","GUELPH TURFGRASS INSTITUTE","6143092","2024-08-21 02:00","2024","08","21","02:00"
"-80.22","43.54","GUELPH TURFGRASS INSTITUTE","6143092","2024-08-21 03:00","2024","08","21","03:00"
"-80.22","43.54","GUELPH TURFGRASS INSTITUTE","6143092","2024-08-21 04:00","2024","08","21","04:00"
"-80.22","43.54","GUELPH TURFGRASS INSTITUTE","6143092","2024-08-21 05:00","2024","08","21","05:00"
"-80.22","43.54","GUELPH TURFGRASS INSTITUTE","6143092","2024-08-21 06:00","2024","08","21","06:00"
"-80.22","43.54","GUELPH TURFGRASS INSTITUTE","6143092","2024-08-21 07:00","2024","08","21","07:00"
"-80.22","43.54","GUELPH TURFGRASS INSTITUTE","6143092","2024-08-21 08:00","2024","08","21","08:00"
"-80.22","43.54","GUELPH TURFGRASS INSTITUTE","6143092","2024-08-21 09:00","2024","08","21","09:00"
"-80.22","43.54","GUELPH TURFGRASS INSTITUTE","6143092","2024-08-21 10:00","2024","08","21","10:00"
"-80.22","43.54","GUELPH TURFGRASS INSTITUTE","6143092","2024-08-21 11:00","2024","08","21","11:00"
"-80.22","43.54","GUELPH TURFGRASS INSTITUTE","6143092","2024-08-21 12:00","2024","08","21","12:00"
"-80.22","43.54","GUELPH TURFGRASS INSTITUTE","6143092","2024-08-21 13:00","2024","08","21","13:00"
"-80.22","43.54","GUELPH TURFGRASS INSTITUTE","6143092","2024-08-21 14:00","2024","08","21","14:00"
"-80.22","43.54","GUELPH TURFGRASS INSTITUTE","6143092","2024-08-21 15:00","2024","08","21","15:00"
"-80.22","43.54","GUELPH TURFGRASS INSTITUTE","6143092","2024-08-21 16:00","2024","08","21","16:00"
"-80.22","43.54","GUELPH TURFGRASS INSTITUTE","6143092","2024-08-21 17:00","2024","08","21","17:00"
"-80.22","43.54","GUELPH TURFGRASS INSTITUTE","6143092","2024-08-21 18:00","2024","08","21","18:00"
"-80.22","43.54","GUELPH TURFGRASS INSTITUTE","6143092","2024-08-21 19:00","2024","08","21","19:00"
"-80.22","43.54","GUELPH TURFGRASS INSTITUTE","6143092","2024-08-21 20:00","2024","08","21","20:00"
"-80.22","43.54","GUELPH TURFGRASS INSTITUTE","6143092","2024-08-21 21:00","2024","08","21","21:00"
"-80.22","43.54","GUELPH TURFGRASS INSTITUTE","6143092","2024-08-21 22:00","2024","08","21","22:00"
"-80.22","43.54","GUELPH TURFGRASS INSTITUTE","6143092","2024-08-21 23:00","2024","08","21","23:00"
"-80.22","43.54","GUELPH TURFGRASS INSTITUTE","6143092","2024-08-22 00:00","2024","08","22","00:00"
"-80.22","43.54","GUELPH TURFGRASS INSTITUTE","6143092","2024-08-22 01:00","2024","08","22","01:00"
"-80.22","43.54","GUELPH TURFGRASS INSTITUTE","6143092","2024-08-22 02:00","2024","08","22","02:00"
"-80.22","43.54","GUELPH TURFGRASS INSTITUTE","6143092","2024-08-22 03:00","2024","08","22","03:00"
"-80.22","43.54","GUELPH TURFGRASS INSTITUTE","6143092","2024-08-22 04:00","2024","08","22","04:00"
"-80.22","43.54","GUELPH TURFGRASS INSTITUTE","6143092","2024-08-22 05:00","2024","08","22","05:00"
"-80.22","43.54","GUELPH TURFGRASS INSTITUTE","6143092","2024-08-22 06:00","2024","08","22","06:00"
"-80.22","43.54","GUELPH TURFGRASS INSTITUTE","6143092","2024-08-22 07:00","2024","08","22","07:00"
"-80.22","43.54","GUELPH TURFGRASS INSTITUTE","6143092","2024-08-22 08:00","2024","08","22","08:00"
"-80.22","43.54","GUELPH TURFGRASS INSTITUTE","6143092","2024-08-22 09:00","2024","08","22","09:00"
"-80.22","43.54","GUELPH TURFGRASS INSTITUTE","6143092","2024-08-22 10:00","2024","08","22","10:00"
"-80.22","43.54","GUELPH TURFGRASS INSTITUTE","6143092","2024-08-22 11:00","2024","08","22","11:00"
"-80.22","43.54","GUELPH TURFGRASS INSTITUTE","6143092","2024-08-22 12:00","2024","08","22","12:00"
"-80.22","43.54","GUELPH TURFGRASS INSTITUTE","6143092","2024-08-22 13:00","2024","08","22","13:00"
"-80.22","43.54","GUELPH TURFGRASS INSTITUTE","6143092","2024-08-22 14:00","2024","08","22","14:00"
"-80.22","43.54","GUELPH TURFGRASS INSTITUTE","6143092","2024-08-22 15:00","2024","08","22","15:00"
"-80.22","43.54","GUELPH TURFGRASS INSTITUTE","6143092","2024-08-22 16:00","2024","08","22","16:00"
"-80.22","43.54","GUELPH TURFGRASS INSTITUTE","6143092","2024-08-22 17:00","2024","08","22","17:00"
"-80.22","43.54","GUELPH TURFGRASS INSTITUTE","6143092","2024-08-22 18:00","2024","08","22","18:00"
"-80.22","43.54","GUELPH TURFGRASS INSTITUTE","6143092","2024-08-22 19:00","2024","08","22","19:00"
"-80.22","43.54","GUELPH TURFGRASS INSTITUTE","6143092","2024-08-22 20:00","2024","08","22","20:00"
"-80.22","43.54","GUELPH TURFGRASS INSTITUTE","6143092","2024-08-22 21:00","2024","08","22","21:00"
"-80.22","43.54","GUELPH TURFGRASS INSTITUTE","6143092","2024-08-22 22:00","2024","08","22","22:00"
"-80.22","43.54","GUELPH TURFGRASS INSTITUTE","6143092","2024-08-22 23:00","2024","08","22","23:00"
"-80.22","43.54","GUELPH TURFGRASS INSTITUTE","6143092","2024-08-23 00:00","2024","08","23","00:00"
"-80.22","43.54","GUELPH TURFGRASS INSTITUTE","6143092","2024-08-23 01:00","2024","08","23","01:00"
"-80.22","43.54","GUELPH TURFGRASS INSTITUTE","6143092","2024-08-23 02:00","2024","08","23","02:00"
"-80.22","43.54","GUELPH TURFGRASS INSTITUTE","6143092","2024-08-23 03:00","2024","08","23","03:00"
"-80.22","43.54","GUELPH TURFGRASS INSTITUTE","6143092","2024-08-23 04:00","2024","08","23","04:00"
"-80.22","43.54","GUELPH TURFGRASS INSTITUTE","6143092","2024-08-23 05:00","2024","08","23","05:00"
"-80.22","43.54","GUELPH TURFGRASS INSTITUTE","6143092","2024-08-23 06:00","2024","08","23","06:00"
"-80.22","43.54","GUELPH TURFGRASS INSTITUTE","6143092","2024-08-23 07:00","2024","08","23","07:00"
"-80.22","43.54","GUELPH TURFGRASS INSTITUTE","6143092","2024-08-23 08:00","2024","08","23","08:00"
"-80.22","43.54","GUELPH TURFGRASS INSTITUTE","6143092","2024-08-23 09:00","2024","08","23","09:00"
"-80.22","43.54","GUELPH TURFGRASS INSTITUTE","6143092","2024-08-23 10:00","2024","08","23","10:00"
"-80.22","43.54","GUELPH TURFGRASS INSTITUTE","6143092","2024-08-23 11:00","2024","08","23","11:00"
"-80.22","43.54","GUELPH TURFGRASS INSTITUTE","6143092","2024-08-23 12:00","2024","08","23","12:00"
"-80.22","43.54","GUELPH TURFGRASS INSTITUTE","6143092","2024-08-23 13:00","2024","08","23","13:00"
"-80.22","43.54","GUELPH TURFGRASS INSTITUTE","6143092","2024-08-23 14:00","2024","08","23","14:00"
"-80.22","43.54","GUELPH TURFGRASS INSTITUTE","6143092","2024-08-23 15:00","2024","08","23","15:00"
"-80.22","43.54","GUELPH TURFGRASS INSTITUTE","6143092","2024-08-23 16:00","2024","08","23","16:00"
"-80.22","43.54","GUELPH TURFGRASS INSTITUTE","6143092","2024-08-23 17:00","2024","08","23","17:00"
"-80.22","43.54","GUELPH TURFGRASS INSTITUTE","6143092","2024-08-23 18:00","2024","08","23","18:00"
"-80.22","43.54","GUELPH TURFGRASS INSTITUTE","6143092","2024-08-23 19:00","2024","08","23","19:00"
"-80.22","43.54","GUELPH TURFGRASS INSTITUTE","6143092","2024-08-23 20:00","2024","08","23","20:00"
"-80.22","43.54","GUELPH TURFGRASS INSTITUTE","6143092","2024-08-23 21:00","2024","08","23","21:00"
"-80.22","43.54","GUELPH TURFGRASS INSTITUTE","6143092","2024-08-23 22:00","2024","08","23","22:00"
"-80.22","43.54","GUELPH TURFGRASS INSTITUTE","6143092","2024-08-23 23:00","2024","08","23","23:00"
"-80.22","43.54","GUELPH TURFGRASS INSTITUTE","6143092","2024-08-24 00:00","2024","08","24","00:00"
"-80.22","43.54","GUELPH TURFGRASS INSTITUTE","6143092","2024-08-24 01:00","2024","08","24","01:00"
"-80.22","43.54","GUELPH TURFGRASS INSTITUTE","6143092","2024-08-24 02:00","2024","08","24","02:00"
"-80.22","43.54","GUELPH TURFGRASS INSTITUTE","6143092","2024-08-24 03:00","2024","08","24","03:00"
"-80.22","43.54","GUELPH TURFGRASS INSTITUTE","6143092","2024-08-24 04:00","2024","08","24","04:00"
"-80.22","43.54","GUELPH TURFGRASS INSTITUTE","6143092","2024-08-24 05:00","2024","08","24","05:00"
"-80.22","43.54","GUELPH TURFGRASS INSTITUTE","6143092","2024-08-24 06:00","2024","08","24","06:00"
"-80.22","43.54","GUELPH TURFGRASS INSTITUTE","6143092","2024-08-24 07:00","2024","08","24","07:00"
"-80.22","43.54","GUELPH TURFGRASS INSTITUTE","6143092","2024-08-24 08:00","2024","08","24","08:00"
"-80.22","43.54","GUELPH TURFGRASS INSTITUTE","6143092","2024-08-24 09:00","2024","08","24","09:00"
"-80.22","43.54","GUELPH TURFGRASS INSTITUTE","6143092","2024-08-24 10:00","2024","08","24","10:00"
"-80.22","43.54","GUELPH TURFGRASS INSTITUTE","6143092","2024-08-24 11:00","2024","08","24","11:00"
"-80.22","43.54","GUELPH TURFGRASS INSTITUTE","6143092","2024-08-24 12:00","2024","08","24","12:00"
"-80.22","43.54","GUELPH TURFGRASS INSTITUTE","6143092","2024-08-24 13:00","2024","08","24","13:00"
"-80.22","43.54","GUELPH TURFGRASS INSTITUTE","6143092","2024-08-24 14:00","2024","08","24","14:00"
"-80.22","43.54","GUELPH TURFGRASS INSTITUTE","6143092","2024-08-24 15:00","2024","08","24","15:00"
"-80.22","43.54","GUELPH TURFGRASS INSTITUTE","6143092","2024-08-24 16:00","2024","08","24","16:00"
"-80.22","43.54","GUELPH TURFGRASS INSTITUTE","6143092","2024-08-24 17:00","2024","08","24","17:00"
"-80.22","43.54","GUELPH TURFGRASS INSTITUTE","6143092","2024-08-24 18:00","2024","08","24","18:00"
"-80.22","43.54","GUELPH TURFGRASS INSTITUTE","6143092","2024-08-24 19:00","2024","08","24","19:00"
"-80.22","43.54","GUELPH TURFGRASS INSTITUTE","6143092","2024-08-24 20:00","2024","08","24","20:00"
"-80.22","43.54","GUELPH TURFGRASS INSTITUTE","6143092","2024-08-24 21:00","2024","08","24","21:00"
"-80.22","43.54","GUELPH TURFGRASS INSTITUTE","6143092","2024-08-24 22:00","2024","08","24","22:00"
"-80.22","43.54","GUELPH TURFGRASS INSTITUTE","6143092","2024-08-24 23:00","2024","08","24","23:00"
"-80.22","43.54","GUELPH TURFGRASS INSTITUTE","6143092","2024-08-25 00:00","2024","08","25","00:00"
"-80.22","43.54","GUELPH TURFGRASS INSTITUTE","6143092","2024-08-25 01:00","2024","08","25","01:00"
"-80.22","43.54","GUELPH TURFGRASS INSTITUTE","6143092","2024-08-25 02:00","2024","08","25","02:00"
"-80.22","43.54","GUELPH TURFGRASS INSTITUTE","6143092","2024-08-25 03:00","2024","08","25","03:00"
"-80.22","43.54","GUELPH TURFGRASS INSTITUTE","6143092","2024-08-25 04:00","2024","08","25","04:00"
"-80.22","43.54","GUELPH TURFGRASS INSTITUTE","6143092","2024-08-25 05:00","2024","08","25","05:00"
"-80.22","43.54","GUELPH TURFGRASS INSTITUTE","6143092","2024-08-25 06:00","2024","08","25","06:00"
"-80.22","43.54","GUELPH TURFGRASS INSTITUTE","6143092","2024-08-25 07:00","2024","08","25","07:00"
"-80.22","43.54","GUELPH TURFGRASS INSTITUTE","6143092","2024-08-25 08:00","2024","08","25","08:00"
"-80.22","43.54","GUELPH TURFGRASS INSTITUTE","6143092","2024-08-25 09:00","2024","08","25","09:00"
"-80.22","43.54","GUELPH TURFGRASS INSTITUTE","6143092","2024-08-25 10:00","2024","08","25","10:00"
"-80.22","43.54","GUELPH TURFGRASS INSTITUTE","6143092","2024-08-25 11:00","2024","08","25","11:00"
"-80.22","43.54","GUELPH TURFGRASS INSTITUTE","6143092","2024-08-25 12:00","2024","08","25","12:00"
"-80.22","43.54","GUELPH TURFGRASS INSTITUTE","6143092","2024-08-25 13:00","2024","08","25","13:00"
"-80.22","43.54","GUELPH TURFGRASS INSTITUTE","6143092","2024-08-25 14:00","2024","08","25","14:00"
"-80.22","43.54","GUELPH TURFGRASS INSTITUTE","6143092","2024-08-25 15:00","2024","08","25","15:00"
"-80.22","43.54","GUELPH TURFGRASS INSTITUTE","6143092","2024-08-25 16:00","2024","08","25","16:00"
"-80.22","43.54","GUELPH TURFGRASS INSTITUTE","6143092","2024-08-25 17:00","2024","08","25","17:00"
"-80.22","43.54","GUELPH TURFGRASS INSTITUTE","6143092","2024-08-25 18:00","2024","08","25","18:00"
"-80.22","43.54","GUELPH TURFGRASS INSTITUTE","6143092","2024-08-25 19:00","2024","08","25","19:00"
"-80.22","43.54","GUELPH TURFGRASS INSTITUTE","6143092","2024-08-25 20:00","2024","08","25","20:00"
"-80.22","43.54","GUELPH TURFGRASS INSTITUTE","6143092","2024-08-25 21:00","2024","08","25","21:00"
"-80.22","43.54","GUELPH TURFGRASS INSTITUTE","6143092","2024-08-25 22:00","2024","08","25","22:00"
"-80.22","43.54","GUELPH TURFGRASS INSTITUTE","6143092","2024-08-25 23:00","2024","08","25","23:00"
"-80.22","43.54","GUELPH TURFGRASS INSTITUTE","6143092","2024-08-26 00:00","2024","08","26","00:00"
"-80.22","43.54","GUELPH TURFGRASS INSTITUTE","6143092","2024-08-26 01:00","2024","08","26","01:00"
"-80.22","43.54","GUELPH TURFGRASS INSTITUTE","6143092","2024-08-26 02:00","2024","08","26","02:00"
"-80.22","43.54","GUELPH TURFGRASS INSTITUTE","6143092","2024-08-26 03:00","2024","08","26","03:00"
"-80.22","43.54","GUELPH TURFGRASS INSTITUTE","6143092","2024-08-26 04:00","2024","08","26","04:00"
"-80.22","43.54","GUELPH TURFGRASS INSTITUTE","6143092","2024-08-26 05:00","2024","08","26","05:00"
"-80.22","43.54","GUELPH TURFGRASS INSTITUTE","6143092","2024-08-26 06:00","2024","08","26","06:00"
"-80.22","43.54","GUELPH TURFGRASS INSTITUTE","6143092","2024-08-26 07:00","2024","08","26","07:00"
"-80.22","43.54","GUELPH TURFGRASS INSTITUTE","6143092","2024-08-26 08:00","2024","08","26","08:00"
"-80.22","43.54","GUELPH TURFGRASS INSTITUTE","6143092","2024-08-26 09:00","2024","08","26","09:00"
"-80.22","43.54","GUELPH TURFGRASS INSTITUTE","6143092","2024-08-26 10:00","2024","08","26","10:00"
"-80.22","43.54","GUELPH TURFGRASS INSTITUTE","6143092","2024-08-26 11:00","2024","08","26","11:00"
"-80.22","43.54","GUELPH TURFGRASS INSTITUTE","6143092","2024-08-26 12:00","2024","08","26","12:00"
"-80.22","43.54","GUELPH TURFGRASS INSTITUTE","6143092","2024-08-26 13:00","2024","08","26","13:00"
"-80.22","43.54","GUELPH TURFGRASS INSTITUTE","6143092","2024-08-26 14:00","2024","08","26","14:00"
"-80.22","43.54","GUELPH TURFGRASS INSTITUTE","6143092","2024-08-26 15:00","2024","08","26","15:00"
"-80.22","43.54","GUELPH TURFGRASS INSTITUTE","6143092","2024-08-26 16:00","2024","08","26","16:00"
"-80.22","43.54","GUELPH TURFGRASS INSTITUTE","6143092","2024-08-26 17:00","2024","08","26","17:00"
"-80.22","43.54","GUELPH TURFGRASS INSTITUTE","6143092","2024-08-26 18:00","2024","08","26","18:00"
"-80.22","43.54","GUELPH TURFGRASS INSTITUTE","6143092","2024-08-26 19:00","2024","08","26","19:00"
"-80.22","43.54","GUELPH TURFGRASS INSTITUTE","6143092","2024-08-26 20:00","2024","08","26","20:00"
"-80.22","43.54","GUELPH TURFGRASS INSTITUTE","6143092","2024-08-26 21:00","2024","08","26","21:00"
"-80.22","43.54","GUELPH TURFGRASS INSTITUTE","6143092","2024-08-26 22:00","2024","08","26","22:00"
"-80.22","43.54","GUELPH TURFGRASS INSTITUTE","6143092","2024-08-26 23:00","2024","08","26","23:00"
"-80.22","43.54","GUELPH TURFGRASS INSTITUTE","6143092","2024-08-27 00:00","2024","08","27","00:00"
"-80.22","43.54","GUELPH TURFGRASS INSTITUTE","6143092","2024-08-27 01:00","2024","08","27","01:00"
"-80.22","43.54","GUELPH TURFGRASS INSTITUTE","6143092","2024-08-27 02:00","2024","08","27","02:00"
"-80.22","43.54","GUELPH TURFGRASS INSTITUTE","6143092","2024-08-27 03:00","2024","08","27","03:00"
"-80.22","43.54","GUELPH TURFGRASS INSTITUTE","6143092","2024-08-27 04:00","2024","08","27","04:00"
"-80.22","43.54","GUELPH TURFGRASS INSTITUTE","6143092","2024-08-27 05:00","2024","08","27","05:00"
"-80.22","43.54","GUELPH TURFGRASS INSTITUTE","6143092","2024-08-27 06:00","2024","08","27","06:00"
"-80.22","43.54","GUELPH TURFGRASS INSTITUTE","6143092","2024-08-27 07:00","2024","08","27","07:00"
"-80.22","43.54","GUELPH TURFGRASS INSTITUTE","6143092","2024-08-27 08:00","2024","08","27","08:00"
"-80.22","43.54","GUELPH TURFGRASS INSTITUTE","6143092","2024-08-27 09:00","2024","08","27","09:00"
"-80.22","43.54","GUELPH TURFGRASS INSTITUTE","6143092","2024-08-27 10:00","2024","08","27","10:00"
"-80.22","43.54","GUELPH TURFGRASS INSTITUTE","6143092","2024-08-27 11:00","2024","08","27","11:00"
"-80.22","43.54","GUELPH TURFGRASS INSTITUTE","6143092","2024-08-27 12:00","2024","08","27","12:00"
"-80.22","43.54","GUELPH TURFGRASS INSTITUTE","6143092","2024-08-27 13:00","2024","08","27","13:00"
"-80.22","43.54","GUELPH TURFGRASS INSTITUTE","6143092","2024-08-27 14:00","2024","08","27","14:00"
"-80.22","43.54","GUELPH TURFGRASS INSTITUTE","6143092","2024-08-27 15:00","2024","08","27","15:00"
"-80.22","43.54","GUELPH TURFGRASS INSTITUTE","6143092","2024-08-27 16:00","2024","08","27","16:00"
"-80.22","43.54","GUELPH TURFGRASS INSTITUTE","6143092","2024-08-27 17:00","2024","08","27","17:00"
"-80.22","43.54","GUELPH TURFGRASS INSTITUTE","6143092","2024-08-27 18:00","2024","08","27","18:00"
"-80.22","43.54","GUELPH TURFGRASS INSTITUTE","6143092","2024-08-27 19:00","2024","08","27","19:00"
"-80.22","43.54","GUELPH TURFGRASS INSTITUTE","6143092","2024-08-27 20:00","2024","08","27","20:00"
"-80.22","43.54","GUELPH TURFGRASS INSTITUTE","6143092","2024-08-27 21:00","2024","08","27","21:00"
"-80.22","43.54","GUELPH TURFGRASS INSTITUTE","6143092","2024-08-27 22:00","2024","08","27","22:00"
"-80.22","43.54","GUELPH TURFGRASS INSTITUTE","6143092","2024-08-27 23:00","2024","08","27","23:00"
"-80.22","43.54","GUELPH TURFGRASS INSTITUTE","6143092","2024-08-28 00:00","2024","08","28","00:00"
"-80.22","43.54","GUELPH TURFGRASS INSTITUTE","6143092","2024-08-28 01:00","2024","08","28","01:00"
"-80.22","43.54","GUELPH TURFGRASS INSTITUTE","6143092","2024-08-28 02:00","2024","08","28","02:00"
"-80.22","43.54","GUELPH TURFGRASS INSTITUTE","6143092","2024-08-28 03:00","2024","08","28","03:00"
"-80.22","43.54","GUELPH TURFGRASS INSTITUTE","6143092","2024-08-28 04:00","2024","08","28","04:00"
"-80.22","43.54","GUELPH TURFGRASS INSTITUTE","6143092","2024-08-28 05:00","2024","08","28","05:00"
"-80.22","43.54","GUELPH TURFGRASS INSTITUTE","6143092","2024-08-28 06:00","2024","08","28","06:00"
"-80.22","43.54","GUELPH TURFGRASS INSTITUTE","6143092","2024-08-28 07:00","2024","08","28","07:00"
"-80.22","43.54","GUELPH TURFGRASS INSTITUTE","6143092","2024-08-28 08:00","2024","08","28","08:00"
"-80.22","43.54","GUELPH TURFGRASS INSTITUTE","6143092","2024-08-28 09:00","2024","08","28","09:00"
"-80.22","43.54","GUELPH TURFGRASS INSTITUTE","6143092","2024-08-28 10:00","2024","08","28","10:00"
"-80.22","43.54","GUELPH TURFGRASS INSTITUTE","6143092","2024-08-28 11:00","2024","08","28","11:00"
"-80.22","43.54","GUELPH TURFGRASS INSTITUTE","6143092","2024-08-28 12:00","2024","08","28","12:00"
"-80.22","43.54","GUELPH TURFGRASS INSTITUTE","6143092","2024-08-28 13:00","2024","08","28","13:00"
"-80.22","43.54","GUELPH TURFGRASS INSTITUTE","6143092","2024-08-28 14:00","2024","08","28","14:00"
"-80.22","43.54","GUELPH TURFGRASS INSTITUTE","6143092","2024-08-28 15:00","2024","08","28","15:00"
"-80.22","43.54","GUELPH TURFGRASS INSTITUTE","6143092","2024-08-28 16:00","2024","08","28","16:00"
"-80.22","43.54","GUELPH TURFGRASS INSTITUTE","6143092","2024-08-28 17:00","2024","08","28","17:00"
"-80.22","43.54","GUELPH TURFGRASS INSTITUTE","6143092","2024-08-28 18:00","2024","08","28","18:00"
"-80.22","43.54","GUELPH TURFGRASS INSTITUTE","6143092","2024-08-28 19:00","2024","08","28","19:00"
"-80.22","43.54","GUELPH TURFGRASS INSTITUTE","6143092","2024-08-28 20:00","2024","08","28","20:00"
"-80.22","43.54","GUELPH TURFGRASS INSTITUTE","6143092","2024-08-28 21:00","2024","08","28","21:00"
"-80.22","43.54","GUELPH TURFGRASS INSTITUTE","6143092","2024-08-28 22:00","2024","08","28","22:00"
"-80.22","43.54","GUELPH TURFGRASS INSTITUTE","6143092","2024-08-28 23:00","2024","08","28","23:00"
"-80.22","43.54","GUELPH TURFGRASS INSTITUTE","6143092","2024-08-29 00:00","2024","08","29","00:00"
"-80.22","43.54","GUELPH TURFGRASS INSTITUTE","6143092","2024-08-29 01:00","2024","08","29","01:00"
"-80.22","43.54","GUELPH TURFGRASS INSTITUTE","6143092","2024-08-29 02:00","2024","08","29","02:00"
"-80.22","43.54","GUELPH TURFGRASS INSTITUTE","6143092","2024-08-29 03:00","2024","08","29","03:00"
"-80.22","43.54","GUELPH TURFGRASS INSTITUTE","6143092","2024-08-29 04:00","2024","08","29","04:00"
"-80.22","43.54","GUELPH TURFGRASS INSTITUTE","6143092","2024-08-29 05:00","2024","08","29","05:00"
"-80.22","43.54","GUELPH TURFGRASS INSTITUTE","6143092","2024-08-29 06:00","2024","08","29","06:00"
"-80.22","43.54","GUELPH TURFGRASS INSTITUTE","6143092","2024-08-29 07:00","2024","08","29","07:00"
"-80.22","43.54","GUELPH TURFGRASS INSTITUTE","6143092","2024-08-29 08:00","2024","08","29","08:00"
"-80.22","43.54","GUELPH TURFGRASS INSTITUTE","6143092","2024-08-29 09:00","2024","08","29","09:00"
"-80.22","43.54","GUELPH TURFGRASS INSTITUTE","6143092","2024-08-29 10:00","2024","08","29","10:00"
"-80.22","43.54","GUELPH TURFGRASS INSTITUTE","6143092","2024-08-29 11:00","2024","08","29","11:00"
"-80.22","43.54","GUELPH TURFGRASS INSTITUTE","6143092","2024-08-29 12:00","2024","08","29","12:00"
"-80.22","43.54","GUELPH TURFGRASS INSTITUTE","6143092","2024-08-29 13:00","2024","08","29","13:00"
"-80.22","43.54","GUELPH TURFGRASS INSTITUTE","6143092","2024-08-29 14:00","2024","08","29","14:00"
"-80.22","43.54","GUELPH TURFGRASS INSTITUTE","6143092","2024-08-29 15:00","2024","08","29","15:00"
"-80.22","43.54","GUELPH TURFGRASS INSTITUTE","6143092","2024-08-29 16:00","2024","08","29","16:00"
"-80.22","43.54","GUELPH TURFGRASS INSTITUTE","6143092","2024-08-29 17:00","2024","08","29","17:00"
"-80.22","43.54","GUELPH TURFGRASS INSTITUTE","6143092","2024-08-29 18:00","2024","08","29","18:00"
"-80.22","43.54","GUELPH TURFGRASS INSTITUTE","6143092","2024-08-29 19:00","2024","08","29","19:00"
"-80.22","43.54","GUELPH TURFGRASS INSTITUTE","6143092","2024-08-29 20:00","2024","08","29","20:00"
"-80.22","43.54","GUELPH TURFGRASS INSTITUTE","6143092","2024-08-29 21:00","2024","08","29","21:00"
"-80.22","43.54","GUELPH TURFGRASS INSTITUTE","6143092","2024-08-29 22:00","2024","08","29","22:00"
"-80.22","43.54","GUELPH TURFGRASS INSTITUTE","6143092","2024-08-29 23:00","2024","08","29","23:00"
"-80.22","43.54","GUELPH TURFGRASS INSTITUTE","6143092","2024-08-30 00:00","2024","08","30","00:00"
"-80.22","43.54","GUELPH TURFGRASS INSTITUTE","6143092","2024-08-30 01:00","2024","08","30","01:00"
"-80.22","43.54","GUELPH TURFGRASS INSTITUTE","6143092","2024-08-30 02:00","2024","08","30","02:00"
"-80.22","43.54","GUELPH TURFGRASS INSTITUTE","6143092","2024-08-30 03:00","2024","08","30","03:00"
"-80.22","43.54","GUELPH TURFGRASS INSTITUTE","6143092","2024-08-30 04:00","2024","08","30","04:00"
"-80.22","43.54","GUELPH TURFGRASS INSTITUTE","6143092","2024-08-30 05:00","2024","08","30","05:00"
"-80.22","43.54","GUELPH TURFGRASS INSTITUTE","6143092","2024-08-30 06:00","2024","08","30","06:00"
"-80.22","43.54","GUELPH TURFGRASS INSTITUTE","6143092","2024-08-30 07:00","2024","08","30","07:00"
"-80.22","43.54","GUELPH TURFGRASS INSTITUTE","6143092","2024-08-30 08:00","2024","08","30","08:00"
"-80.22","43.54","GUELPH TURFGRASS INSTITUTE","6143092","2024-08-30 09:00","2024","08","30","09:00"
"-80.22","43.54","GUELPH TURFGRASS INSTITUTE","6143092","2024-08-30 10:00","2024","08","30","10:00"
"-80.22","43.54","GUELPH TURFGRASS INSTITUTE","6143092","2024-08-30 11:00","2024","08","30","11:00"
"-80.22","43.54","GUELPH TURFGRASS INSTITUTE","6143092","2024-08-30 12:00","2024","08","30","12:00"
"-80.22","43.54","GUELPH TURFGRASS INSTITUTE","6143092","2024-08-30 13:00","2024","08","30","13:00"
"-80.22","43.54","GUELPH TURFGRASS INSTITUTE","6143092","2024-08-30 14:00","2024","08","30","14:00"
"-80.22","43.54","GUELPH TURFGRASS INSTITUTE","6143092","2024-08-30 15:00","2024","08","30","15:00"
"-80.22","43.54","GUELPH TURFGRASS INSTITUTE","6143092","2024-08-30 16:00","2024","08","30","16:00"
"-80.22","43.54","GUELPH TURFGRASS INSTITUTE","6143092","2024-08-30 17:00","2024","08","30","17:00"
"-80.22","43.54","GUELPH TURFGRASS INSTITUTE","6143092","2024-08-30 18:00","2024","08","30","18:00"
"-80.22","43.54","GUELPH TURFGRASS INSTITUTE","6143092","2024-08-30 19:00","2024","08","30","19:00"
"-80.22","43.54","GUELPH TURFGRASS INSTITUTE","6143092","2024-08-30 20:00","2024","08","30","20:00"
"-80.22","43.54","GUELPH TURFGRASS INSTITUTE","6143092","2024-08-30 21:00","2024","08","30","21:00"
"-80.22","43.54","GUELPH TURFGRASS INSTITUTE","6143092","2024-08-30 22:00","2024","08","30","22:00"
"-80.22","43.54","GUELPH TURFGRASS INSTITUTE","6143092","2024-08-30 23:00","2024","08","30","23:00"
"-80.22","43.54","GUELPH TURFGRASS INSTITUTE","6143092","2024-08-31 00:00","2024","08","31","00:00"
"-80.22","43.54","GUELPH TURFGRASS INSTITUTE","6143092","2024-08-31 01:00","2024","08","31","01:00"
"-80.22","43.54","GUELPH TURFGRASS INSTITUTE","6143092","2024-08-31 02:00","2024","08","31","02:00"
"-80.22","43.54","GUELPH TURFGRASS INSTITUTE","6143092","2024-08-31 03:00","2024","08","31","03:00"
"-80.22","43.54","GUELPH TURFGRASS INSTITUTE","6143092","2024-08-31 04:00","2024","08","31","04:00"
"-80.22","43.54","GUELPH TURFGRASS INSTITUTE","6143092","2024-08-31 05:00","2024","08","31","05:00"
"-80.22","43.54","GUELPH TURFGRASS INSTITUTE","6143092","2024-08-31 06:00","2024","08","31","06:00"
"-80.22","43.54","GUELPH TURFGRASS INSTITUTE","6143092","2024-08-31 07:00","2024","08","31","07:00"
"-80.22","43.54","GUELPH TURFGRASS INSTITUTE","6143092","2024-08-31 08:00","2024","08","31","08:00"
"-80.22","43.54","GUELPH TURFGRASS INSTITUTE","6143092","2024-08-31 09:00","2024","08","31","09:00"
"-80.22","43.54","GUELPH TURFGRASS INSTITUTE","6143092","2024-08-31 10:00","2024","08","31","10:00"
"-80.22","43.54","GUELPH TURFGRASS INSTITUTE","6143092","2024-08-31 11:00","2024","08","31","11:00"
"-80.22","43.54","GUELPH TURFGRASS INSTITUTE","6143092","2024-08-31 12:00","2024","08","31","12:00"
"-80.22","43.54","GUELPH TURFGRASS INSTITUTE","6143092","2024-08-31 13:00","2024","08","31","13:00"
"-80.22","43.54","GUELPH TURFGRASS INSTITUTE","6143092","2024-08-31 14:00","2024","08","31","14:00"
"-80.22","43.54","GUELPH TURFGRASS INSTITUTE","6143092","2024-08-31 15:00","2024","08","31","15:00"
"-80.22","43.54","GUELPH TURFGRASS INSTITUTE","6143092","2024-08-31 16:00","2024","08","31","16:00"
"-80.22","43.54","GUELPH TURFGRASS INSTITUTE","6143092","2024-08-31 17:00","2024","08","31","17:00"
"-80.22","43.54","GUELPH TURFGRASS INSTITUTE","6143092","2024-08-31 18:00","2024","08","31","18:00"
"-80.22","43.54","GUELPH TURFGRASS INSTITUTE","6143092","2024-08-31 19:00","2024","08","31","19:00"
"-80.22","43.54","GUELPH TURFGRASS INSTITUTE","6143092","2024-08-31 20:00","2024","08","31","20:00"
"-80.22","43.54","GUELPH TURFGRASS INSTITUTE","6143092","2024-08-31 21:00","2024","08","31","21:00"
"-80.22","43.54","GUELPH TURFGRASS INSTITUTE","6143092","2024-08-31 22:00","2024","08","31","22:00"
"-80.22","43.54","GUELPH TURFGRASS INSTITUTE","6143092","2024-08-31 23:00","2024","08","31","23:00"
